image_id,n,precision_mc,precision_det,mean_score_mc,aurc_mc,aurc_det,aurc_fus,rc50_mc,rc50_det,rc50_fus,ap
25,23,0.782608695652174,0.782608695652174,0.37450831480648206,0.0033766029198148695,-0.09251803952214213,-0.006115354398229383,0.09090909090909094,0.18181818181818177,0.09090909090909094,0.8088094096213769
86,24,0.5,0.5,0.4301625353594621,0.0819952953166122,0.2448242700699289,0.18543085432282336,0.5833333333333333,0.41666666666666663,0.5833333333333333,0.8306002198859341
136,5,0.2,0.2,0.3022679328918457,0.3116666666666667,0.011666666666666714,0.011666666666666714,0.5,0.5,0.5,0.29166666666666663
189,23,0.43478260869565216,0.43478260869565216,0.3733886065690414,0.23116848719042238,0.2520017220968839,-0.1449447366708307,0.36363636363636365,0.5454545454545454,0.36363636363636365,0.8023809523809523
218,11,0.6363636363636364,0.6363636363636364,0.39510012485764245,0.12008723599632692,-0.12392430801521709,0.12008723599632692,0.0,0.4,0.0,0.9216200466200466
266,11,0.45454545454545453,0.5454545454545454,0.3610118166966872,0.34053850190213825,0.05556539420175788,0.25073133936770303,0.4,0.6,0.4,0.7654761904761904
269,17,0.7058823529411765,0.7058823529411765,0.4589403008713442,0.04940923167566766,-0.22131028573502626,-0.14373014528723874,0.0,0.375,0.375,0.9760531135531136
311,25,0.68,0.68,0.40451100826263425,0.07484244201529162,-0.1227855100120412,-0.013924366055864279,0.0,0.25,0.16666666666666663,0.8581705946140133
318,8,0.875,0.875,0.4105503298342228,0.02492559523809524,0.02492559523809524,0.02492559523809524,0.0,0.0,0.0,0.9325396825396826
329,16,0.5625,0.5625,0.38129348680377007,0.05866186764624262,0.13100514936452434,0.04268964542402043,0.125,0.625,0.125,0.73498260998261
370,14,0.8571428571428571,0.7857142857142857,0.38114375940390993,0.036054025339739636,0.3358835608835609,0.036054025339739636,0.0,0.1428571428571429,0.0,0.8909162596662596
371,16,0.625,0.625,0.443710433319211,-0.027905688061938022,0.15634461025086027,0.21839662074037075,0.25,0.375,0.5,0.8043188905321258
398,7,0.5714285714285714,0.5714285714285714,0.4474936468260629,0.09557823129251705,0.1503401360544218,0.3336734693877551,0.0,0.6666666666666667,0.33333333333333337,0.6683333333333333
414,6,0.5,0.5,0.38247083127498627,0.17222222222222217,0.2694444444444444,0.17222222222222217,0.6666666666666667,0.33333333333333337,0.6666666666666667,0.9166666666666666
419,22,0.6363636363636364,0.6818181818181818,0.3968981910835613,-0.10993131454185492,0.2417539228526423,-0.14045548534712624,0.2727272727272727,0.4545454545454546,0.36363636363636365,0.7318900060802894
424,14,0.9285714285714286,0.9285714285714286,0.3766343572310039,-0.11981332159903588,-0.06028951207522636,-0.06028951207522636,0.1428571428571429,0.1428571428571429,0.1428571428571429,0.9482556332556333
436,11,0.5454545454545454,0.5454545454545454,0.35225393826311285,0.036048799685163335,0.31927390791027155,0.399685163321527,0.19999999999999996,0.4,0.19999999999999996,0.8466575091575093
461,7,1.0,1.0,0.3900107869080135,0.0,0.0,0.0,0.0,0.0,0.0,1.0
464,7,0.42857142857142855,0.42857142857142855,0.323356922183718,0.1163265306122449,0.1591836734693879,0.1163265306122449,0.0,0.6666666666666667,0.0,0.7916666666666666
496,10,0.7,0.7,0.3537791848182678,0.08043650793650797,0.3197619047619048,0.35210317460317464,0.0,0.19999999999999996,0.19999999999999996,0.67262654012654
530,7,0.2857142857142857,0.2857142857142857,0.3656769267150334,-0.14149659863945568,-0.017687074829931926,-0.14149659863945568,0.6666666666666667,0.33333333333333337,0.6666666666666667,0.3666666666666667
570,10,0.7,0.7,0.3530206024646759,0.11138888888888893,-0.2386904761904762,-0.04134920634920633,0.0,0.6,0.19999999999999996,0.8917233560090703
599,17,0.8235294117647058,0.8235294117647058,0.4138794927036061,0.23785067537230176,-0.2384317023806643,0.23332578849447372,0.25,0.375,0.25,0.9093260139077208
602,9,0.6666666666666666,0.6666666666666666,0.38435184293323094,0.16917989417989426,0.03630952380952383,0.007429453262786587,0.5,0.0,0.25,0.9484126984126984
605,17,0.47058823529411764,0.47058823529411764,0.3591353770564584,-0.2696397820749032,-0.08387456689792333,-0.2200111427403815,0.625,0.375,0.5,0.8526315789473685
627,19,0.6842105263157895,0.7368421052631579,0.40936655119845744,-0.0015098472671390972,-0.1861947299437115,-0.05724677731154834,0.2222222222222222,0.33333333333333337,0.11111111111111116,0.8888785817357248
674,17,0.7058823529411765,0.7058823529411765,0.3774453541811775,0.014113644909492642,0.36459139428430076,0.3872943857372922,0.125,0.125,0.125,0.9205676268176269
713,7,0.2857142857142857,0.2857142857142857,0.34472476158823284,0.14421768707483018,0.256122448979592,0.14421768707483018,0.6666666666666667,0.6666666666666667,0.6666666666666667,1.0
717,10,0.3,0.3,0.35993075370788574,-0.03630952380952385,0.3386904761904762,-0.03630952380952385,0.4,0.4,0.4,1.0
726,5,0.6,0.6,0.4009402275085449,0.06833333333333334,0.24333333333333323,0.26833333333333326,0.0,0.5,0.5,0.9166666666666666
737,11,0.2727272727272727,0.2727272727272727,0.3489986739375375,0.17927981109799285,0.07992916174734344,0.060087891906073665,0.6,0.8,1.0,0.5654761904761905
782,30,0.4,0.4,0.37053789297739664,0.1182889266716124,-0.2343317808206586,-0.22786992373723808,0.6666666666666667,0.7333333333333334,0.6666666666666667,0.8374403374403374
783,21,0.5238095238095238,0.5238095238095238,0.3828193800789969,-0.075205687926829,-0.1467150598840117,-0.0648658954441794,0.5,0.4,0.30000000000000004,0.6210006334282819
792,12,0.5,0.5,0.387330320974191,-0.1493296055796056,0.23099446849446847,0.22834896584896586,0.5,0.5,0.5,0.9305555555555556
793,4,0.75,0.75,0.4628418982028961,0.05208333333333333,-0.07291666666666669,0.05208333333333333,0.0,0.5,0.0,0.95
854,23,0.4782608695652174,0.4782608695652174,0.35800394804581354,-0.03485322538416469,-0.27219815786303186,-0.07161051809330876,0.2727272727272727,0.6363636363636364,0.2727272727272727,0.8663327083370157
872,24,0.5416666666666666,0.5,0.38394396131237346,-0.08396451155570828,0.23580970061338374,0.34845111647991406,0.33333333333333337,0.33333333333333337,0.25,0.593416406368895
880,12,0.25,0.25,0.368029663960139,-0.12871572871572867,0.13532046657046648,0.19767316017316006,0.6666666666666667,0.8333333333333334,0.6666666666666667,0.95
907,32,0.65625,0.65625,0.40598113369196653,-0.1675538441482255,-0.24397059850164193,-0.2649993522710407,0.4375,0.5,0.4375,0.8724870547119441
939,34,0.5588235294117647,0.5588235294117647,0.3756684766096227,0.3055227247640686,0.29140314838173975,0.35386424497888147,0.2941176470588235,0.47058823529411764,0.4117647058823529,0.6649524226648896
973,18,0.6666666666666666,0.6666666666666666,0.37155890464782715,-0.17503709525768343,-0.1409562070101286,-0.13008898780957603,0.33333333333333337,0.4444444444444444,0.33333333333333337,0.7493654744539968
981,9,0.3333333333333333,0.3333333333333333,0.34211119016011554,0.09563492063492057,-0.2122354497354497,0.09563492063492057,0.75,0.75,0.75,0.823469387755102
1003,6,0.5,0.5,0.3842230389515559,0.14722222222222214,-0.10277777777777783,0.28611111111111104,0.6666666666666667,0.6666666666666667,0.33333333333333337,0.6488095238095237
1029,10,0.6,0.6,0.4309689462184906,0.17492063492063492,-0.14174603174603176,-0.17507936507936508,0.4,0.4,0.4,0.9029761904761905
1033,7,0.2857142857142857,0.2857142857142857,0.3499716179711478,0.15612244897959204,0.21564625850340158,0.14421768707483018,0.6666666666666667,0.6666666666666667,0.6666666666666667,1.0
1054,11,0.7272727272727273,0.7272727272727273,0.3331449709155343,0.012639380821199003,0.2222353404171586,0.012639380821199003,0.19999999999999996,0.4,0.19999999999999996,0.8001290376290376
1063,6,0.8333333333333334,0.8333333333333334,0.4214506944020589,0.06944444444444443,0.052777777777777764,0.06944444444444443,0.0,0.0,0.0,0.915079365079365
1077,13,0.6153846153846154,0.6153846153846154,0.35938480496406555,0.02637426675888213,0.10344996883458424,0.14221675760137298,0.16666666666666663,0.6666666666666667,0.5,0.5801819708069708
1101,21,0.5714285714285714,0.5714285714285714,0.3727975558666956,-0.018465668686809766,-0.15691141115179147,-0.10810268510954046,0.19999999999999996,0.4,0.4,0.8263603948137533
1106,10,0.5,0.5,0.38979167938232423,0.3157539682539683,-0.02003968253968258,0.21992063492063496,0.4,1.0,0.4,0.514983164983165
1108,11,0.5454545454545454,0.5454545454545454,0.3962973545898091,0.3652335038698675,0.11815558179194541,0.10213826577462948,0.19999999999999996,0.6,0.8,0.8398268398268398
1145,23,0.9565217391304348,0.9565217391304348,0.3896974843481313,0.36131195182935716,0.36131195182935716,0.36131195182935716,0.09090909090909094,0.09090909090909094,0.09090909090909094,0.986272312109671
1154,6,0.6666666666666666,0.6666666666666666,0.4735282560189565,-0.05833333333333329,0.008333333333333331,0.08055555555555557,0.33333333333333337,0.33333333333333337,0.0,1.0
1181,21,0.8095238095238095,0.8095238095238095,0.467917229448046,0.07033012035223445,-0.23203474454027312,0.07033012035223445,0.0,0.30000000000000004,0.0,1.0
1195,11,0.45454545454545453,0.45454545454545453,0.3588292734189467,0.28335956972320603,0.02618063754427391,0.17351108487472122,0.4,0.8,0.6,0.8083333333333333
1208,11,0.36363636363636365,0.2727272727272727,0.3699003756046295,-0.12264856355765452,-0.15026564344746163,-0.011934277843368757,0.6,0.6,0.4,0.723229895104895
1220,13,0.8461538461538461,0.8461538461538461,0.38100839807437015,-0.03366996251611637,0.17692222307606914,0.32530439645824255,0.16666666666666663,0.33333333333333337,0.16666666666666663,0.9705128205128205
1259,5,0.8,0.8,0.33124169111251833,0.07999999999999999,0.1883333333333333,0.1883333333333333,0.0,0.5,0.5,1.0
1292,17,0.35294117647058826,0.35294117647058826,0.38112691395422993,-0.20257235555678468,0.1209877036650393,0.16685233739732014,0.625,0.75,0.625,0.7027777777777777
1298,8,1.0,1.0,0.35806911066174507,0.0,0.0,0.0,0.0,0.0,0.0,0.9765432098765432
1305,11,0.45454545454545453,0.36363636363636365,0.399135329506614,-0.04203725567361935,0.3482749573658664,0.3291748655385019,0.4,0.4,0.4,0.6888888888888889
1308,13,0.6153846153846154,0.6153846153846154,0.3845915404649881,0.007906623291238646,-0.13082686544225006,-0.11458754920293387,0.16666666666666663,0.33333333333333337,0.33333333333333337,0.6666666666666666
1311,33,0.696969696969697,0.7272727272727273,0.4417322783759146,-0.14765295390492178,0.21452542284759463,0.29371842535054904,0.375,0.4375,0.3125,0.9042343648368791
1331,14,0.14285714285714285,0.21428571428571427,0.41792247550828115,0.11374795839081564,0.09790071040071036,0.0698704073704075,0.8571428571428572,0.8571428571428572,0.8571428571428572,0.8055555555555556
1337,12,0.3333333333333333,0.3333333333333333,0.3643749381105105,0.06091871091871098,0.2616612554112554,0.3706409331409331,0.33333333333333337,0.6666666666666667,0.33333333333333337,0.4841558441558442
1353,16,0.25,0.25,0.38611823320388794,0.16368423243423247,0.1217192529692529,0.1807973276723276,0.625,0.875,0.625,0.5481832981832983
1374,14,0.5,0.5,0.3727221531527383,0.14968583004297287,0.3329672311815169,0.23409626088197516,0.7142857142857143,0.4285714285714286,0.5714285714285714,0.8726076007326007
1412,8,0.625,0.625,0.36399226635694504,-0.0023065476190476386,0.3191220238095238,0.33995535714285713,0.25,0.25,0.25,0.8761904761904762
1438,19,0.7368421052631579,0.7368421052631579,0.4027001355823718,-0.0632901276660442,0.3131959593463585,0.3643883342229439,0.2222222222222222,0.33333333333333337,0.11111111111111116,0.9364203827361722
1502,11,0.8181818181818182,0.8181818181818182,0.38255755738778546,0.07809917355371898,0.05663452708907252,0.07809917355371898,0.0,0.0,0.0,0.9733333333333334
1555,6,0.8333333333333334,0.8333333333333334,0.41707471509774524,0.06944444444444443,0.06944444444444443,0.06944444444444443,0.0,0.0,0.0,0.9666666666666667
1594,12,0.3333333333333333,0.3333333333333333,0.3857805182536443,-0.2601972101972103,-0.01247895622895634,0.03563612313612308,0.6666666666666667,1.0,0.8333333333333334,0.7166666666666667
1630,9,0.8888888888888888,0.8888888888888888,0.4665152430534363,0.049382716049382734,0.2543430335097002,0.2543430335097002,0.0,0.25,0.25,0.9704861111111112
1698,5,0.6,0.6,0.3387280166149139,-0.05666666666666664,-0.03166666666666662,0.043333333333333335,0.5,0.5,0.0,1.0
1739,8,0.625,0.625,0.44602956250309944,0.06912202380952381,0.3191220238095238,-0.055877976190476186,0.25,0.25,0.25,0.773809523809524
1762,10,0.7,0.7,0.4450883060693741,0.30726190476190485,0.30726190476190485,0.25809523809523816,0.19999999999999996,0.19999999999999996,0.4,0.7639455782312925
1821,8,0.375,0.5,0.5107732526957989,-0.010193452380952372,-0.18511904761904763,-0.06488095238095237,0.25,0.75,0.25,0.43555555555555553
1929,19,0.5789473684210527,0.5263157894736842,0.401956497054351,-0.04345476052743444,-0.20857886229606937,-0.12543374645378882,0.33333333333333337,0.5555555555555556,0.33333333333333337,0.6733617689500042
1972,9,0.5555555555555556,0.5555555555555556,0.3994364771578047,0.039395943562610225,0.20361552028218685,0.3727292768959435,0.25,0.5,0.25,0.599145299145299
1980,5,0.4,0.4,0.34359617829322814,-0.06833333333333336,0.23166666666666674,-0.06833333333333336,0.5,0.5,0.5,0.325
1996,16,0.5,0.5,0.35924735851585865,-0.18352238039738045,-0.28411224192474194,0.16523754023754034,0.5,0.625,0.5,0.7271298962475433
2009,18,0.6111111111111112,0.6111111111111112,0.395385291841295,0.08187993469856214,-0.3054862212950448,-0.09360507411977997,0.11111111111111116,0.5555555555555556,0.2222222222222222,0.8185229661733421
2030,20,0.7,0.7,0.3989928767085075,0.17372506900564172,0.358557340492325,0.22611409080255818,0.4,0.19999999999999996,0.4,0.9495383472012932
2033,6,0.6666666666666666,0.6666666666666666,0.36775867144266766,0.08055555555555557,0.1611111111111112,0.08055555555555557,0.0,0.6666666666666667,0.0,0.8541666666666666
2034,9,0.7777777777777778,0.7777777777777778,0.3746822211477492,0.07594797178130511,0.03520723104056438,0.07594797178130511,0.0,0.0,0.0,0.7995510662177329
2039,14,0.5714285714285714,0.5714285714285714,0.34082465725285666,-0.14634333920048206,-0.13251371644228785,-0.12780592423449563,0.5714285714285714,0.4285714285714286,0.4285714285714286,0.8168433418433417
2042,5,0.4,0.4,0.2974411487579346,0.13166666666666682,0.23166666666666674,0.13166666666666682,1.0,0.5,1.0,0.9166666666666666
2050,18,0.2777777777777778,0.2777777777777778,0.351428328288926,0.1235932731030771,0.16914884770276928,0.1337784582882623,0.7777777777777778,0.7777777777777778,0.7777777777777778,0.5413859087772132
2053,17,0.6470588235294118,0.6470588235294118,0.4110259606557734,0.07933974666241103,0.10467107383197347,0.21603748519838475,0.0,0.5,0.5,0.8451259435571176
2102,16,0.6875,0.6875,0.41373332403600216,-0.0018950233793983695,-0.14745553925241434,-0.01912987186424686,0.25,0.375,0.25,0.9034526649575301
2114,4,0.25,0.25,0.34697331488132477,0.07291666666666666,0.32291666666666663,0.32291666666666663,0.5,0.5,0.5,1.0
2126,18,0.6111111111111112,0.6111111111111112,0.4451325751013226,-0.10190595533732788,0.12360248683778086,0.24114960021822757,0.4444444444444444,0.5555555555555556,0.4444444444444444,0.8176979882862234
2142,16,0.6875,0.6875,0.43907603062689304,0.02005438138250637,0.329228713994339,0.04373989725552224,0.125,0.25,0.0,0.9329004329004329
2166,16,0.6875,0.6875,0.41956626810133457,0.2134316638222888,-0.15095100212287715,-0.1138230259324009,0.5,0.375,0.25,0.8075459262959261
2175,17,0.7647058823529411,0.7647058823529411,0.4295944887049058,0.38434865067650537,-0.1236293598750346,-0.010868223952133951,0.125,0.25,0.125,0.9456491292169042
2185,16,0.75,0.75,0.47060211934149265,-0.01519869019869019,-0.11482510545010546,-0.03989881646131643,0.125,0.375,0.25,0.9353821616979512
2191,24,0.7083333333333334,0.6666666666666666,0.40966884543498355,-0.057243195751280646,-0.24841789971412911,-0.060899129278537675,0.25,0.41666666666666663,0.25,0.8390413978480005
2209,14,0.7142857142857143,0.7857142857142857,0.4143939060824258,-0.030809270094984353,-0.004309579309579301,-0.013972535401106823,0.2857142857142857,0.1428571428571429,0.2857142857142857,0.9430555555555554
2254,8,0.5,0.5,0.41993363574147224,-0.1836309523809524,-0.055952380952380976,-0.1836309523809524,0.5,0.25,0.5,0.7797979797979797
2255,6,0.8333333333333334,0.8333333333333334,0.38072702288627625,0.06944444444444443,0.011111111111111092,0.06944444444444443,0.0,0.0,0.0,0.7861111111111111
2273,14,0.5714285714285714,0.5,0.40957904287746977,0.03387208030065175,-0.056349008134722434,0.007681604110175572,0.1428571428571429,0.4285714285714286,0.1428571428571429,0.581413548325313
2275,7,0.8571428571428571,0.8571428571428571,0.3782200515270233,0.061224489795918394,-0.13401360544217683,0.061224489795918394,0.0,0.33333333333333337,0.0,0.7256313131313132
2291,12,0.8333333333333334,0.8333333333333334,0.4737078348795573,-0.1095268157768158,0.044591750841750814,-0.040082371332371344,0.16666666666666663,0.0,0.16666666666666663,0.975068870523416
2304,13,0.5384615384615384,0.5384615384615384,0.48409794385616595,-0.11734077887924044,0.1798231682847068,0.2535086708163632,0.5,0.5,0.5,1.0
2339,12,0.5833333333333334,0.5833333333333334,0.3880515769124031,0.29104737854737844,0.10543229918229902,0.2430315055315055,0.33333333333333337,0.6666666666666667,0.33333333333333337,0.5687288901574615
2352,14,0.6428571428571429,0.6428571428571429,0.34926951995917727,-0.10949705056847919,-0.11156403120688835,-0.03568752675895537,0.4285714285714286,0.2857142857142857,0.4285714285714286,0.745488127439999
2353,20,0.7,0.75,0.4218690231442451,0.05525478262707367,0.018533844251723525,0.016848349878535618,0.19999999999999996,0.19999999999999996,0.09999999999999998,0.9587545409526834
2364,17,0.47058823529411764,0.47058823529411764,0.4675944500109729,0.31911329491346796,0.1748278826133497,0.08849950510850157,0.375,0.75,0.75,0.6149305555555556
2377,20,0.8,0.8,0.3845963642001152,0.021919598074783816,-0.0869249111741372,-0.0026240527188669815,0.0,0.30000000000000004,0.09999999999999998,0.822254255032893
2392,12,0.4166666666666667,0.4166666666666667,0.41146377970774967,-0.1315897065897066,0.21877405002405004,0.2850769600769601,0.5,0.6666666666666667,0.5,0.5835016835016835
2449,30,0.6333333333333333,0.6666666666666666,0.46795068979263305,-0.07057768842052708,0.24334818139315856,0.26313538869873015,0.2666666666666667,0.4,0.33333333333333337,0.9197287978391193
2451,27,0.6666666666666666,0.6296296296296297,0.39077557237059984,0.3258375805790966,0.2330328105154486,0.27815831917808415,0.23076923076923073,0.3846153846153846,0.3076923076923077,0.8417709239324036
2455,10,0.7,0.6,0.3928411155939102,0.18031746031746038,0.12575396825396823,0.16226190476190483,0.4,0.6,0.4,0.9797979797979798
2507,15,0.4666666666666667,0.5333333333333333,0.36930187940597536,0.06990897990897987,0.23323990823990826,0.07755448255448255,0.1428571428571429,0.5714285714285714,0.0,0.8042379914928934
2513,10,0.6,0.5,0.36848055124282836,0.06059523809523812,0.0616269841269842,0.2763095238095238,0.19999999999999996,0.6,0.4,0.7568027210884354
2520,19,0.6842105263157895,0.6842105263157895,0.4199876361771634,-0.08948530060636953,-0.07413249465758834,0.0053141981404976335,0.2222222222222222,0.33333333333333337,0.2222222222222222,0.8692693744164333
2526,11,0.5454545454545454,0.5454545454545454,0.4181973229755055,0.16627967991604353,0.25340089203725574,0.20940902531811628,0.4,0.4,0.4,0.86
2561,6,0.8333333333333334,0.8333333333333334,0.47802215317885083,-0.04444444444444447,-0.04444444444444447,-0.04444444444444447,0.33333333333333337,0.33333333333333337,0.33333333333333337,0.9166666666666666
2580,6,0.3333333333333333,0.3333333333333333,0.5085076739390691,0.005555555555555536,0.22499999999999998,0.0888888888888889,0.33333333333333337,0.6666666666666667,0.33333333333333337,0.325
2589,5,0.4,0.4,0.39941735863685607,0.1233333333333333,0.3233333333333334,0.023333333333333317,0.0,0.5,0.5,0.8333333333333333
2609,12,0.6666666666666666,0.6666666666666666,0.38246016204357147,0.022697210197210216,-0.034893578643578615,0.022697210197210216,0.16666666666666663,0.33333333333333337,0.16666666666666663,0.6939685314685315
2614,9,0.6666666666666666,0.6666666666666666,0.43383117847972447,0.08399470899470904,-0.1128968253968254,0.07705026455026459,0.0,0.5,0.0,0.8972222222222223
2626,12,0.5,0.4166666666666667,0.37896831581989926,0.13228415103415103,-0.19961219336219338,-0.22188251563251563,0.6666666666666667,0.6666666666666667,0.6666666666666667,0.5252249058131412
2653,13,0.6153846153846154,0.6153846153846154,0.40924278130898106,0.11978363516825052,0.07097411135872672,0.11978363516825052,0.0,0.16666666666666663,0.0,0.9202741702741702
2655,13,0.6153846153846154,0.5384615384615384,0.42282689076203567,0.08806535344996891,0.13467387313541168,-0.21065259526797994,0.6666666666666667,0.5,0.6666666666666667,0.8179383116883117
2682,17,0.4117647058823529,0.4117647058823529,0.4032270540209377,-0.10185329136453701,-0.27311115931358143,-0.15316048090702067,0.5,0.625,0.5,0.8532407407407407
2686,16,0.6875,0.6875,0.40454624593257904,-0.010256973928848917,-0.08646687513875015,0.010055526071151066,0.125,0.375,0.25,0.7148508040476366
2713,10,0.5,0.5,0.3797637850046158,-0.03924603174603178,0.238968253968254,-0.03924603174603178,0.19999999999999996,0.4,0.19999999999999996,0.8928571428571429
2728,25,0.76,0.76,0.4107886016368866,0.4068620188788044,0.34670026376907515,0.3727719814652376,0.16666666666666663,0.16666666666666663,0.25,0.817329831430989
2730,12,0.75,0.75,0.40996477752923965,0.09867424242424243,-0.038645382395382386,0.09867424242424243,0.0,0.33333333333333337,0.0,0.9459876543209876
2755,11,0.6363636363636364,0.6363636363636364,0.43910443782806396,-0.009422143513052594,0.13440902531811627,0.2283484192575102,0.19999999999999996,0.6,0.4,0.8575353218210361
2762,8,0.5,0.5,0.36338668689131737,-0.003869047619047633,0.2538690476190476,0.3086309523809524,0.5,0.5,0.5,0.8528571428571429
2777,9,0.6666666666666666,0.6666666666666666,0.4590769244564904,0.28895502645502646,-0.12215608465608462,0.28895502645502646,0.25,0.25,0.25,0.9761904761904762
2804,5,0.8,0.8,0.47110641598701475,0.05499999999999998,0.07999999999999999,0.05499999999999998,0.0,0.0,0.0,1.0
2828,10,0.7,0.7,0.3360944986343384,0.03543650793650796,0.2830952380952382,0.2636507936507937,0.19999999999999996,0.4,0.4,0.7669507575757576
2852,16,0.5625,0.5,0.3980901464819908,-0.09783840291652796,0.051201402763902726,-0.12152391878954383,0.25,0.625,0.375,0.5804411764705881
2890,5,0.6,0.6,0.34980050325393675,0.135,0.06833333333333334,0.135,0.0,0.0,0.0,0.5666666666666667
2956,12,0.5,0.5,0.39179782072703045,0.25900372775372776,-0.13196849446849443,-0.11113516113516111,0.5,0.5,0.5,0.6204390847247989
2969,10,0.6,0.6,0.3749957621097565,0.2596428571428571,-0.22424603174603178,-0.17507936507936508,0.4,0.6,0.4,0.9583333333333334
2981,25,0.48,0.48,0.3962271356582642,-0.12907195088604434,-0.16058858159832723,-0.08464337945747288,0.33333333333333337,0.5,0.41666666666666663,0.8527856560364299
2986,23,0.6956521739130435,0.6956521739130435,0.400898568008257,0.057046931512085675,0.2773124574042101,0.3418138449179406,0.0,0.36363636363636365,0.2727272727272727,0.690441014846007
2995,25,0.56,0.56,0.35857847332954407,0.35162869155791476,0.27232538335865825,0.31607269787839165,0.25,0.41666666666666663,0.33333333333333337,0.8357346429314393
2996,11,0.8181818181818182,0.8181818181818182,0.3621798401529139,0.3209202413747867,-0.14231929686475142,-0.08817066771612231,0.19999999999999996,0.19999999999999996,0.19999999999999996,0.9543335452426361
3017,11,0.2727272727272727,0.2727272727272727,0.37631274082443933,-0.14597271415453228,0.24746162927981097,0.2100878919060737,0.6,0.6,0.6,0.28535353535353536
3048,8,0.75,0.75,0.4197351634502411,0.07961309523809523,0.1665178571428571,0.07068452380952381,0.0,0.5,0.0,0.7856701940035273
3057,13,0.38461538461538464,0.38461538461538464,0.4265757959622603,0.23855247316785777,-0.14511663550125092,-0.20888342426803974,0.6666666666666667,0.5,0.5,0.7884920634920635
3060,18,0.4444444444444444,0.4444444444444444,0.38416195081339943,-0.11067842832548713,0.24152495108377464,-0.11809824616197168,0.5555555555555556,0.5555555555555556,0.4444444444444444,0.6771523150184736
3068,14,0.6428571428571429,0.6428571428571429,0.3765055899109159,0.11684030255458826,0.19640082140082138,0.11684030255458826,0.0,0.5714285714285714,0.0,0.8276723276723276
3131,7,0.5714285714285714,0.5714285714285714,0.37420121686799185,0.3051020408163265,0.18129251700680277,0.1503401360544218,0.33333333333333337,0.6666666666666667,0.6666666666666667,0.915079365079365
3146,13,0.7692307692307693,0.8461538461538461,0.4163267039335691,0.20922005345082267,0.21538376153760763,0.33229740345124953,0.33333333333333337,0.33333333333333337,0.16666666666666663,0.9307692307692307
3178,28,0.7142857142857143,0.7142857142857143,0.3846695050597191,0.029656673268255745,-0.1396264241318012,-0.08979284462029449,0.1428571428571429,0.2857142857142857,0.2142857142857143,0.8662902292679648
3216,15,0.6666666666666666,0.6666666666666666,0.41008423566818236,0.03961464461464463,-0.12001739001738995,-0.035257150257150205,0.1428571428571429,0.2857142857142857,0.1428571428571429,0.9701007326007327
3219,7,0.7142857142857143,0.7142857142857143,0.4536604710987636,0.08197278911564627,0.2081632653061224,0.08197278911564627,0.0,0.33333333333333337,0.0,0.9428571428571428
3221,8,0.625,0.625,0.3743109740316868,0.10394345238095237,-0.0898065476190476,0.12894345238095234,0.5,0.25,0.5,0.7766233766233767
3268,7,0.5714285714285714,0.5714285714285714,0.4334574852670942,0.09557823129251705,-0.09965986394557819,0.09557823129251705,0.0,0.33333333333333337,0.0,0.9428571428571428
3271,8,0.375,0.375,0.41790659353137016,0.3335565476190476,0.045461309523809446,0.29188988095238094,0.5,1.0,0.5,0.8333333333333333
3279,8,0.625,0.625,0.4504215456545353,0.07953869047619049,-0.0898065476190476,-0.0898065476190476,0.0,0.25,0.25,0.6544444444444444
3281,9,0.7777777777777778,0.7777777777777778,0.4497440788480971,0.057429453262786596,-0.14872134038800705,0.057429453262786596,0.0,0.25,0.0,0.7256052281052282
3288,23,0.6521739130434783,0.6956521739130435,0.46720653772354126,-0.03871882604478716,-0.15241225974310774,-0.015628900754539404,0.18181818181818177,0.36363636363636365,0.09090909090909094,0.9124420855601029
3292,11,0.7272727272727273,0.7272727272727273,0.33964714949781244,-0.10049193231011412,0.04380821199003017,0.016174734356552534,0.19999999999999996,0.0,0.0,0.6348099816849817
3302,7,0.42857142857142855,0.42857142857142855,0.3464619985648564,0.12346938775510208,0.17108843537414975,0.12346938775510208,0.6666666666666667,0.6666666666666667,0.6666666666666667,1.0
3303,7,0.7142857142857143,0.7142857142857143,0.4119184655802591,-0.04183673469387755,0.2438775510204081,0.27244897959183667,0.33333333333333337,0.33333333333333337,0.33333333333333337,1.0
3342,13,0.5384615384615384,0.5384615384615384,0.4118383274628566,0.03165744511898361,-0.21868110521956674,-0.04206050359896513,0.16666666666666663,0.6666666666666667,0.16666666666666663,0.8022097727980082
3412,18,0.5555555555555556,0.5555555555555556,0.3978704594903522,0.06675727594845243,0.09392496573869125,0.2367937481908069,0.11111111111111116,0.5555555555555556,0.4444444444444444,0.9351362312900775
3425,18,0.6666666666666666,0.6111111111111112,0.38134095900588566,-0.13814733741204335,0.2107850074761839,-0.18997914757718679,0.33333333333333337,0.5555555555555556,0.4444444444444444,0.889578111946533
3453,17,0.5882352941176471,0.5882352941176471,0.3575166253482594,0.054058479966784465,-0.13430662714832264,-0.01218801863265534,0.25,0.5,0.25,0.7297581585081585
3515,16,0.6875,0.6875,0.4576197937130928,0.012762714715839701,-0.15879211933899434,-0.05569348186535683,0.125,0.375,0.125,0.8033765855747279
3530,6,0.6666666666666666,0.6666666666666666,0.32137679557005566,-0.17222222222222225,-0.11666666666666672,-0.11666666666666672,0.6666666666666667,0.33333333333333337,0.33333333333333337,0.6829365079365078
3533,12,0.6666666666666666,0.6666666666666666,0.371519535779953,0.0700186387686388,-0.130263949013949,0.05960197210197214,0.16666666666666663,0.33333333333333337,0.16666666666666663,0.455868783993784
3637,9,0.1111111111111111,0.1111111111111111,0.3547731472386254,-0.1432319223985891,0.1901014109347442,0.24565696649029978,0.75,0.75,0.75,0.125
3678,31,0.7741935483870968,0.7741935483870968,0.42126615585819366,-0.011952040428798966,-0.12947392992088316,-0.0275607813237001,0.06666666666666665,0.19999999999999996,0.06666666666666665,0.8920222119476947
3689,10,0.5,0.5,0.36914833188056945,-0.02496031746031746,-0.17908730158730166,-0.06996031746031747,0.19999999999999996,0.4,0.4,0.6556267806267806
3694,10,0.6,0.6,0.4109046280384064,0.011587301587301563,-0.22424603174603178,-0.14174603174603176,0.19999999999999996,0.6,0.4,1.0
3745,12,0.75,0.75,0.394815760354201,0.14875541125541125,0.0789983164983165,-0.038645382395382386,0.5,0.0,0.33333333333333337,0.8190951725042632
3821,14,0.8571428571428571,0.8571428571428571,0.49841966586453573,-0.05963540427826142,-0.18010283367426222,-0.1360552146266432,0.1428571428571429,0.2857142857142857,0.2857142857142857,0.9144486734984474
3833,10,0.7,0.7,0.4273222774267197,0.09710317460317464,0.29059523809523813,0.09710317460317464,0.0,0.19999999999999996,0.0,0.9129251700680272
3855,20,0.55,0.55,0.4160658374428749,0.27774737130774285,0.1770209939269537,0.23611983218020371,0.4,0.6,0.5,0.7723470413806548
3862,17,0.7058823529411765,0.7058823529411765,0.43355708963730755,-0.043632530483741584,-0.3349678699808458,-0.15334148982505388,0.125,0.625,0.25,0.8863345075425687
3866,6,0.3333333333333333,0.3333333333333333,0.36772296329339343,0.15833333333333333,0.10277777777777786,0.08611111111111114,0.6666666666666667,1.0,1.0,1.0
3880,11,0.2727272727272727,0.36363636363636365,0.4679360769011758,-0.21768988587170401,0.09401810310901204,0.1546241637150727,0.8,0.8,0.8,0.5535714285714286
3887,14,0.6428571428571429,0.5714285714285714,0.42086309620312284,0.00382752168466452,0.2510489510489511,-0.09206468135039564,0.2857142857142857,0.2857142857142857,0.2857142857142857,0.7730218855218856
3890,9,0.5555555555555556,0.5555555555555556,0.3846108151806725,0.057914462081128715,0.31611552028218687,0.33198853615520274,0.25,0.25,0.25,0.9666666666666667
3893,13,0.5384615384615384,0.5384615384615384,0.3487920187986814,0.002777991239529709,0.2452993587608973,0.3173412058027444,0.33333333333333337,0.5,0.33333333333333337,0.9276437847866419
3906,6,0.6666666666666666,0.6666666666666666,0.3400357812643051,0.08055555555555557,0.06388888888888891,0.12222222222222226,0.0,0.0,0.0,0.7066498316498315
3918,23,0.6956521739130435,0.6956521739130435,0.38571516715961957,0.08545356230968432,-0.1216176494088555,0.0348181863434955,0.0,0.36363636363636365,0.09090909090909094,0.9594008695982381
3935,12,0.6666666666666666,0.6666666666666666,0.3738405704498291,0.0700186387686388,0.26613155363155366,0.3890001202501203,0.16666666666666663,0.33333333333333337,0.16666666666666663,0.9121572871572872
3941,20,0.75,0.75,0.40201826095581056,0.3670795769847628,-0.0447008852001112,-0.017883792978607205,0.19999999999999996,0.19999999999999996,0.19999999999999996,0.7798195089952896
3950,9,0.5555555555555556,0.5555555555555556,0.3211628794670105,0.039395943562610225,-0.057495590828924165,0.10421075837742505,0.25,0.25,0.0,0.9240362811791383
3963,9,0.7777777777777778,0.6666666666666666,0.3777032925022973,-0.02960758377425045,0.07784391534391544,0.29678130511463846,0.25,0.75,0.25,0.6275724275724276
4054,19,0.631578947368421,0.631578947368421,0.38990969563785355,-0.07093315859814142,0.27447333549256314,0.3439550233953037,0.33333333333333337,0.4444444444444444,0.33333333333333337,0.8486568986568985
4074,13,0.7692307692307693,0.7692307692307693,0.41555097699165344,-0.016815022584253367,0.24871666794743713,-0.016815022584253367,0.16666666666666663,0.33333333333333337,0.16666666666666663,0.8748523698523698
4081,13,0.6923076923076923,0.6923076923076923,0.42828171528302705,0.06163110393879623,0.18543785274554514,0.3621805544882469,0.0,0.33333333333333337,0.16666666666666663,0.8395562770562771
4085,15,0.4666666666666667,0.4,0.3807227392991384,0.23657490657490654,0.029963554963554906,0.2832415732415732,0.4285714285714286,0.2857142857142857,0.4285714285714286,0.7491452991452991
4089,20,0.6,0.6,0.38136513978242875,-0.045281710034031974,-0.24355745540149565,-0.015559487811809797,0.30000000000000004,0.5,0.30000000000000004,0.7949813258636789
4096,9,0.5555555555555556,0.4444444444444444,0.3409084247218238,0.20361552028218685,-0.22087742504409172,0.14805996472663133,0.5,0.75,0.5,0.7166666666666667
4105,11,0.7272727272727273,0.7272727272727273,0.3574741076339375,0.11909681227863045,-0.001646333464515301,-0.16878197560015745,0.6,0.19999999999999996,0.6,0.7901587301587302
4130,28,0.6071428571428571,0.6428571428571429,0.42097073580537525,0.32399921893630185,-0.23989166714027538,-0.16774263294101094,0.3571428571428571,0.4285714285714286,0.3571428571428571,0.87687289291862
4140,22,0.5454545454545454,0.6818181818181818,0.4346620792692358,0.3166819174664658,-0.1411308997785215,0.22685013039467028,0.36363636363636365,0.2727272727272727,0.4545454545454546,0.7132633755256489
4150,15,0.6,0.6,0.4434167643388112,0.018736818736818706,0.2142187442187442,0.39783975283975287,0.2857142857142857,0.4285714285714286,0.1428571428571429,0.7256507906192778
4155,14,0.7857142857142857,0.7857142857142857,0.4495811717850821,0.027748640248640266,0.3331363081363081,0.3358835608835609,0.1428571428571429,0.1428571428571429,0.1428571428571429,0.8966495625586536
4170,19,0.7368421052631579,0.631578947368421,0.4672653784877376,-0.11499268637324683,0.22097670742163172,0.1835889951031714,0.33333333333333337,0.33333333333333337,0.33333333333333337,0.9432539682539682
4175,14,0.7857142857142857,0.7857142857142857,0.4589964236531939,-0.08256921649778791,-0.009156121656121632,-0.07930957930957931,0.2857142857142857,0.1428571428571429,0.1428571428571429,0.9440771349862258
4223,9,0.5555555555555556,0.5555555555555556,0.3912675711843703,0.2906525573192239,-0.05690035273368607,-0.14453262786596124,0.25,0.25,0.5,0.8069444444444444
4254,15,0.7333333333333333,0.8,0.4015371719996134,0.35534891034891036,0.015216635216635188,0.020770525770525752,0.1428571428571429,0.0,0.1428571428571429,0.9399962028921305
4264,6,0.8333333333333334,0.8333333333333334,0.3916405389706294,0.011111111111111092,0.011111111111111092,0.011111111111111092,0.0,0.0,0.0,0.7023809523809523
4288,26,0.6923076923076923,0.6923076923076923,0.3656753920591794,-0.027458232030373925,0.31910132467536145,-0.010670852742994674,0.23076923076923073,0.3076923076923077,0.23076923076923073,0.6765522414374886
4294,14,0.6428571428571429,0.6428571428571429,0.4469687363931111,0.36097037882752175,0.17907965050822194,0.21924920317777463,0.2857142857142857,0.4285714285714286,0.4285714285714286,0.9714285714285714
4336,11,0.5454545454545454,0.5454545454545454,0.4997152659026059,0.06094057457693822,0.24694346057982425,-0.046182605273514366,0.19999999999999996,0.6,0.19999999999999996,1.0
4360,21,0.6666666666666666,0.6666666666666666,0.4368450811931065,0.033036919425685485,0.22605534280125172,-0.010225307765113129,0.09999999999999998,0.5,0.30000000000000004,0.8800361172852524
4369,10,0.6,0.6,0.41448731124401095,0.018928571428571433,-0.21869047619047624,-0.09674603174603172,0.19999999999999996,0.6,0.19999999999999996,0.8178571428571428
4396,4,0.5,0.5,0.40632614493370056,0.14583333333333331,0.2708333333333333,0.14583333333333331,0.0,0.5,0.0,1.0
4469,11,0.45454545454545453,0.5454545454545454,0.36452971534295514,-0.1143677030040666,0.3273547159910797,-0.17841728978092616,0.4,0.4,0.4,0.8273809523809523
4476,6,0.3333333333333333,0.3333333333333333,0.3366076201200485,0.005555555555555536,0.10277777777777786,0.3388888888888889,0.33333333333333337,1.0,0.33333333333333337,0.7555555555555555
4496,15,0.8666666666666667,0.8666666666666667,0.4829261898994446,-0.11870037370037373,-0.012509897509897519,-0.02573741073741076,0.1428571428571429,0.0,0.1428571428571429,0.9585641922180385
4498,11,0.6363636363636364,0.6363636363636364,0.3267136216163635,0.07376688967598061,0.15587367178276268,0.22820411911321004,0.19999999999999996,0.6,0.4,0.7390241702741703
4504,5,1.0,1.0,0.58548024892807,0.0,0.0,0.0,0.0,0.0,0.0,1.0
4532,9,0.5555555555555556,0.5555555555555556,0.36211589972178143,-0.0019400352733686121,0.2975970017636683,0.3091710758377424,0.25,0.25,0.25,0.47392290249433106
4566,11,0.6363636363636364,0.5454545454545454,0.36221217567270453,0.2893152302243212,-0.0004952118588482657,-0.15007870916961824,0.4,0.8,0.4,0.9325396825396826
4602,8,0.375,0.375,0.40325507894158363,0.2787946428571429,-0.0664434523809524,-0.08727678571428571,0.5,0.5,0.5,0.4920634920634921
4611,17,0.6470588235294118,0.6470588235294118,0.4287253127378576,-0.02829608156165249,-0.117101924411613,-0.03494387436861486,0.25,0.5,0.25,0.6406232595377331
4653,14,0.5714285714285714,0.6428571428571429,0.3406597950628826,0.3866244866244867,0.02185433614005039,0.11684030255458826,0.2857142857142857,0.1428571428571429,0.0,0.7594662214147508
4670,12,0.5833333333333334,0.5833333333333334,0.4444026400645574,0.03081409331409332,0.30432599807599797,-0.0035924723424723137,0.16666666666666663,0.33333333333333337,0.16666666666666663,0.8274170274170274
4671,14,0.6428571428571429,0.5714285714285714,0.44987119095666067,0.2893124732410447,-0.18784211819926108,-0.1387178297892584,0.4285714285714286,0.5714285714285714,0.4285714285714286,0.7855939811822165
4678,16,0.5625,0.625,0.37962822802364826,0.269278507950383,-0.11825630966255968,-0.003745126401376392,0.25,0.5,0.25,0.7847735053617407
4687,6,0.6666666666666666,0.6666666666666666,0.3341821034749349,0.025000000000000022,0.06388888888888891,0.08055555555555557,0.33333333333333337,0.0,0.0,0.7166666666666667
4731,8,0.625,0.5,0.3354368805885315,-0.048139880952380976,-0.16279761904761908,-0.01837797619047621,0.25,0.5,0.25,0.5475417439703154
4738,13,0.6153846153846154,0.6153846153846154,0.3763193327646989,0.256197221581837,0.2083006736852891,0.1404740558586713,0.33333333333333337,0.33333333333333337,0.5,0.8253086419753086
4757,9,0.4444444444444444,0.4444444444444444,0.33141954408751595,0.17462522045855372,-0.18648589065255736,-0.17722663139329806,0.5,0.75,0.5,0.525
4772,11,0.7272727272727273,0.7272727272727273,0.40255066752433777,-0.1118555686737505,-0.14190607372425557,0.2411747343565525,0.19999999999999996,0.4,0.4,0.7418100418100418
4778,10,0.6,0.7,0.4148228883743286,0.29059523809523813,0.23964285714285716,0.30865079365079373,0.4,0.4,0.19999999999999996,0.5403138528138529
4780,8,0.625,0.625,0.36524584516882896,-0.08087797619047621,0.264360119047619,0.014360119047619052,0.25,0.25,0.25,0.7295238095238095
4807,19,0.42105263157894735,0.42105263157894735,0.3560882147989775,-0.040835123994648115,0.22146057823913468,-0.20926267597483172,0.33333333333333337,0.5555555555555556,0.5555555555555556,0.6159997029114676
4813,9,0.6666666666666666,0.6666666666666666,0.38787832193904453,-0.19067460317460316,0.09986772486772488,-0.08511904761904762,0.5,0.0,0.25,0.9761904761904762
4843,20,0.5,0.55,0.38085739612579345,-0.19158097492462822,0.1308952936468416,0.1074115822258237,0.6,0.6,0.7,0.7525419025419025
4863,24,0.7083333333333334,0.7083333333333334,0.4198700276513894,-0.07305805735061019,-0.04797502065009471,0.3531313833732986,0.25,0.16666666666666663,0.25,0.9529922319873301
4873,4,0.25,0.25,0.30877916514873505,0.32291666666666663,0.07291666666666666,0.07291666666666666,0.5,0.5,0.5,1.0
4894,14,0.7857142857142857,0.7857142857142857,0.4760449549981526,0.0728497692783407,0.19651241615527332,-0.08650654900654899,0.0,0.4285714285714286,0.1428571428571429,0.9546037296037296
4914,9,0.5555555555555556,0.5555555555555556,0.3642255895667606,0.07643298059964726,0.17028218694885355,0.35421075837742494,0.25,0.5,0.25,0.9666666666666667
4934,11,0.36363636363636365,0.36363636363636365,0.39415166052905,0.1765938606847698,0.11548274957365856,0.06896563032926672,0.6,0.8,0.8,0.5845238095238094
4935,10,0.6,0.6,0.36801747381687167,0.36476190476190473,0.0022619047619047705,-0.020952380952380917,0.19999999999999996,0.19999999999999996,0.19999999999999996,0.9367346938775509
4966,13,0.7692307692307693,0.7692307692307693,0.4289770997487582,0.06725091148168069,0.2244492686800379,-0.016815022584253367,0.0,0.33333333333333337,0.16666666666666663,0.9408119658119658
5005,14,0.42857142857142855,0.42857142857142855,0.3696711105959756,0.2598946688232402,-0.18236763236763243,-0.10549648763934483,0.5714285714285714,0.7142857142857143,0.4285714285714286,0.788425925925926
5021,26,0.6538461538461539,0.6538461538461539,0.4033464021407641,0.40714534144227554,0.14722516398462793,0.3296686357698685,0.23076923076923073,0.46153846153846156,0.23076923076923073,0.8929996038819569
5022,17,0.5882352941176471,0.5882352941176471,0.3866192067370695,0.24179260042149311,0.17482607021966873,0.15325744276868836,0.375,0.5,0.5,0.7688967894850246
5041,10,0.5,0.5,0.41443605720996857,0.0884126984126985,-0.10825396825396824,0.26674603174603173,0.6,0.4,0.4,0.6627344877344876
5070,15,0.4,0.4,0.4425473471482595,0.28670718170718174,0.07446183446183452,0.1606465756465757,0.5714285714285714,0.7142857142857143,0.5714285714285714,0.5722222222222222
5076,21,0.38095238095238093,0.38095238095238093,0.3843898560319628,0.2888888107486074,0.17121716944251208,0.28526069283477506,0.5,0.5,0.5,0.6859375
5080,16,0.6875,0.625,0.4395107068121433,0.04676031433843934,-0.14762138902763905,-0.03344801899489397,0.125,0.25,0.125,0.9325712471223306
5121,7,0.42857142857142855,0.5714285714285714,0.39185728771345957,0.03299319727891156,-0.14727891156462575,0.2693877551020408,0.33333333333333337,0.6666666666666667,0.33333333333333337,0.8055555555555556
5150,11,0.9090909090909091,0.9090909090909091,0.44300361384044995,0.01531221303948578,-0.12949298176570906,-0.12949298176570906,0.0,0.19999999999999996,0.19999999999999996,0.9406172110717564
5152,11,0.7272727272727273,0.7272727272727273,0.3979696902361783,0.05517184835366652,0.23688180506362322,0.3430506362324544,0.0,0.4,0.19999999999999996,0.8936387686387688
5154,9,0.5555555555555556,0.5555555555555556,0.3599104715718163,0.005004409171075808,0.22477954144620807,0.33139329805996465,0.25,0.5,0.25,0.8468614718614719
5170,18,0.6666666666666666,0.6666666666666666,0.3694678263531791,0.4276814053774838,-0.081280053461426,0.04643140537748382,0.11111111111111116,0.2222222222222222,0.11111111111111116,0.8707884221042115
5194,7,0.2857142857142857,0.42857142857142855,0.36333552854401724,0.05374149659863947,0.23061224489795928,-0.12653061224489792,0.33333333333333337,0.6666666666666667,0.6666666666666667,0.5138888888888888
5221,21,0.9047619047619048,0.8571428571428571,0.4180144766966502,0.03781875323228706,0.2768363397786219,0.371524272204281,0.0,0.19999999999999996,0.09999999999999998,0.9743633063273156
5236,10,0.6,0.6,0.34154515266418456,0.04809523809523811,0.17575396825396816,0.3280952380952381,0.19999999999999996,0.6,0.4,0.6540043290043289
5262,9,0.5555555555555556,0.5555555555555556,0.3241010076469845,0.04204144620811284,0.3727292768959435,0.06981922398589063,0.25,0.25,0.0,0.6840659340659342
5286,11,0.36363636363636365,0.36363636363636365,0.37076519565148786,-0.09111898202807295,0.1379574970484061,0.19968188377279283,0.4,0.6,0.6,0.49358974358974356
5359,6,1.0,1.0,0.3769763608773549,0.0,0.0,0.0,0.0,0.0,0.0,1.0
5370,14,0.5714285714285714,0.5714285714285714,0.346244147845677,0.2129824540538826,0.16952967667253394,0.19807058021343737,0.4285714285714286,0.5714285714285714,0.5714285714285714,0.8790356405329668
5372,7,1.0,1.0,0.3661896927016122,0.0,0.0,0.0,0.0,0.0,0.0,1.0
5438,10,0.4,0.4,0.4385950118303299,-0.012301587301587258,0.26591269841269843,0.36769841269841275,0.19999999999999996,0.4,0.4,0.6644444444444445
5447,8,0.5,0.5,0.386602982878685,0.08571428571428574,0.18988095238095237,0.08571428571428574,0.75,0.75,0.75,0.569047619047619
5509,6,0.6666666666666666,0.6666666666666666,0.37874735891819,-0.07500000000000001,0.025000000000000022,0.008333333333333331,0.33333333333333337,0.33333333333333337,0.33333333333333337,0.48412698412698413
5519,14,0.7142857142857143,0.7142857142857143,0.3497977299349649,0.10601303458446315,-0.0025496329067757617,0.10601303458446315,0.0,0.1428571428571429,0.0,0.734314170677807
5531,14,0.6428571428571429,0.6428571428571429,0.41816470665591104,0.25716961609818756,0.26102409495266643,0.3045073973645403,0.4285714285714286,0.4285714285714286,0.2857142857142857,0.8095337995337996
5554,13,0.38461538461538464,0.38461538461538464,0.44687659236101,-0.06770238308699855,0.09807628269166724,0.2467363832748447,0.5,0.6666666666666667,0.5,1.0
5636,6,0.16666666666666666,0.16666666666666666,0.40187545120716095,0.11388888888888893,0.2944444444444444,0.11388888888888893,1.0,0.6666666666666667,1.0,0.25
5644,10,0.3,0.3,0.3513170927762985,-0.13964285714285718,-0.2521031746031747,-0.13964285714285718,0.6,0.8,0.6,0.6667929292929293
5649,16,0.6875,0.625,0.5216013211756945,0.007207159160284166,0.25999044358419354,0.3270980321761572,0.125,0.5,0.375,0.9674931129476584
5658,6,0.5,0.5,0.45269546409447986,0.3277777777777777,0.2305555555555555,0.14722222222222214,0.33333333333333337,0.6666666666666667,0.6666666666666667,0.5666666666666667
5669,26,0.6538461538461539,0.5,0.3712674264724438,0.254376558416612,-0.3594501072982492,-0.24910655204018273,0.46153846153846156,0.6923076923076923,0.46153846153846156,0.9168771013431578
5727,21,0.6190476190476191,0.6190476190476191,0.41729076703389484,-0.10172190640456899,-0.15696077637696396,-0.11530845213397181,0.30000000000000004,0.4,0.30000000000000004,0.7689734176498881
5759,6,0.8333333333333334,0.8333333333333334,0.38031838337580365,0.011111111111111092,0.06944444444444443,0.011111111111111092,0.0,0.0,0.0,0.8766666666666667
5776,4,0.5,0.5,0.35859672725200653,0.14583333333333331,0.020833333333333315,0.14583333333333331,0.0,0.5,0.0,0.8055555555555556
5780,23,0.6086956521739131,0.6086956521739131,0.3857888903306878,-0.010943024055927675,0.14074937464481674,0.3590651504918888,0.18181818181818177,0.5454545454545454,0.2727272727272727,0.8069705148652517
5805,9,0.6666666666666666,0.6666666666666666,0.5309065216117435,-0.007341269841269843,-0.13511904761904758,-0.00612874779541446,0.25,0.5,0.0,0.925
5845,10,0.5,0.5,0.4310842752456665,0.09396825396825403,-0.15325396825396828,0.10730158730158734,0.6,0.6,0.8,0.8273809523809523
5848,11,0.5454545454545454,0.5454545454545454,0.3854506259614771,0.3189131575495212,0.20527679391315756,0.31927390791027155,0.4,0.4,0.4,0.8727564102564103
5850,5,0.4,0.4,0.37001582980155945,0.2566666666666667,-0.04333333333333339,0.023333333333333317,0.5,0.5,0.5,0.6984126984126985
5907,19,0.6842105263157895,0.6842105263157895,0.3763038986607602,-0.05242618239400054,0.16519630519752732,-0.10255451123749967,0.33333333333333337,0.4444444444444444,0.33333333333333337,0.8460229003882256
5908,11,0.9090909090909091,0.8181818181818182,0.4117597612467679,-0.05373540600813327,0.043647514102059526,-0.012826315099042362,0.19999999999999996,0.0,0.0,0.7785317460317459
5909,18,0.7222222222222222,0.7222222222222222,0.40866513384713066,0.004400365429777203,0.2949825455952906,-0.0326663487202703,0.11111111111111116,0.33333333333333337,0.2222222222222222,0.6864465229671232
5922,9,0.2222222222222222,0.2222222222222222,0.3852032787270016,0.14071869488536148,0.019290123456790043,0.10368165784832445,0.75,1.0,0.75,0.6102564102564103
5933,4,0.5,0.75,0.28147244453430176,0.22916666666666663,0.09375,0.05208333333333333,0.5,0.0,0.0,0.8041666666666667
5941,16,0.625,0.625,0.3814811110496521,0.03174594502719502,0.20946804931179935,-0.0845261509324009,0.125,0.5,0.25,0.7982069129127951
5952,8,0.875,0.875,0.3943116217851639,-0.13549107142857145,0.0546875,-0.03132440476190476,0.25,0.0,0.25,0.967452300785634
5959,9,0.6666666666666666,0.6666666666666666,0.37303504678938126,0.1183862433862434,0.3461640211640212,0.1183862433862434,0.0,0.25,0.0,0.7555555555555555
6001,4,0.5,0.5,0.5056513100862503,-0.020833333333333343,0.14583333333333331,0.020833333333333315,0.5,0.0,0.5,0.8333333333333333
6012,8,0.875,0.75,0.4275013618171215,0.04575892857142857,-0.03139880952380952,0.04575892857142857,0.0,0.25,0.0,0.8802579365079365
6026,14,0.7857142857142857,0.7857142857142857,0.4549439698457718,0.019049006549006556,-0.19308508951366088,0.021316580245151692,0.1428571428571429,0.2857142857142857,0.0,0.7565745030776494
6029,24,0.75,0.7083333333333334,0.38634739195307094,-0.12291230243722166,-0.12166520069459563,-0.12154582781707056,0.25,0.41666666666666663,0.25,0.9655837762455409
6044,14,0.7857142857142857,0.7857142857142857,0.38052025863102507,0.35989149739149745,0.16436955901241618,0.35714424464424466,0.1428571428571429,0.4285714285714286,0.1428571428571429,0.8272606478488831
6056,6,0.5,0.5,0.3246391514937083,0.2138888888888888,0.13055555555555554,0.13055555555555554,0.6666666666666667,0.6666666666666667,0.6666666666666667,1.0
6081,16,0.625,0.625,0.422433290630579,0.029662611693861668,-0.11319904054279051,-0.015676944583194574,0.125,0.375,0.25,0.75725789362153
6095,9,0.4444444444444444,0.4444444444444444,0.4440845515992906,-0.048853615520282195,0.09823633156966483,-0.13589065255731925,0.25,0.75,0.5,0.6916666666666667
6116,12,0.5,0.5,0.40934676428635913,-0.07395081770081766,0.1639129389129389,0.23577140452140455,0.33333333333333337,0.6666666666666667,0.33333333333333337,0.8954648526077097
6142,11,0.6363636363636364,0.6363636363636364,0.37775008244947955,0.24349993440902534,0.26496458087367186,0.16687655778564875,0.4,0.4,0.6,0.70717377860235
6184,13,0.6923076923076923,0.6153846153846154,0.46396654615035426,0.07787042017811246,-0.17652838614377073,0.07787042017811246,0.0,0.33333333333333337,0.0,0.8781101455733809
6251,5,0.6,0.6,0.3709495186805725,-0.12333333333333335,0.17666666666666653,0.17666666666666653,0.5,0.5,0.5,1.0
6256,8,1.0,1.0,0.3670806623995304,0.0,0.0,0.0,0.0,0.0,0.0,1.0
6261,11,0.6363636363636364,0.6363636363636364,0.4407942701469768,0.05295159386068479,-0.1715433556342647,-0.021290830381739456,0.0,0.4,0.4,0.845970695970696
6272,8,0.625,0.625,0.329155046492815,0.2628720238095238,0.03936011904761905,-0.055877976190476186,0.5,0.25,0.25,0.7688492063492063
6334,8,0.625,0.625,0.4130149967968464,-0.03504464285714287,-0.01837797619047621,0.02745535714285713,0.25,0.25,0.25,0.8461670274170274
6338,9,0.5555555555555556,0.5555555555555556,0.36768630809254116,-0.021516754850088193,0.17722663139329797,0.27477954144620803,0.25,0.5,0.25,0.7069805194805194
6340,6,0.6666666666666666,0.6666666666666666,0.3543816755215327,-0.07500000000000001,0.07777777777777783,0.21666666666666673,0.33333333333333337,0.6666666666666667,0.33333333333333337,0.7801587301587302
6345,6,0.6666666666666666,0.6666666666666666,0.3605728397766749,-0.05833333333333329,-0.033333333333333354,-0.05833333333333329,0.33333333333333337,0.33333333333333337,0.33333333333333337,0.9484126984126984
6358,4,0.0,0.0,0.35884204506874084,0.25,0.25,0.25,1.0,1.0,1.0,0.26666666666666666
6397,10,0.6,0.6,0.34776753187179565,0.3013095238095238,0.0930952380952381,0.10738095238095238,0.4,0.0,0.0,0.47053872053872053
6413,11,0.8181818181818182,0.8181818181818182,0.4201273945244876,-0.10281713236258694,0.2667716122261576,0.2485897940443394,0.19999999999999996,0.19999999999999996,0.4,0.9722222222222222
6495,5,0.8,0.8,0.40416484475135805,0.07999999999999999,0.07999999999999999,0.07999999999999999,0.0,0.0,0.0,0.8875
6521,4,0.75,0.75,0.5015430301427841,0.09375,-0.07291666666666669,0.09375,0.0,0.5,0.0,0.9166666666666666
6524,11,0.5454545454545454,0.5454545454545454,0.39078353480859235,-0.034622195985832355,-0.037544273907910264,0.013862652499016165,0.4,0.19999999999999996,0.19999999999999996,0.7513888888888889
6527,11,0.7272727272727273,0.7272727272727273,0.3463784456253052,0.012639380821199003,0.11909681227863045,0.15243014561196377,0.19999999999999996,0.6,0.4,0.744047619047619
6553,9,0.5555555555555556,0.5555555555555556,0.3893993165757921,0.20626102292768955,0.33139329805996465,-0.21966490299823635,0.5,0.25,0.5,0.6494047619047619
6586,8,0.5,0.5,0.3243860639631748,0.039285714285714285,-0.055952380952380976,0.039285714285714285,0.25,0.25,0.25,0.5801587301587301
6655,14,0.5,0.5,0.3673820431743349,0.3447280893709465,0.042576471147899725,0.0826558362272648,0.2857142857142857,0.1428571428571429,0.1428571428571429,0.9478458049886621
6664,8,0.5,0.5,0.32944776490330696,0.319047619047619,-0.08720238095238098,-0.0663690476190476,0.25,0.5,0.5,0.46590909090909094
6682,6,0.8333333333333334,0.8333333333333334,0.3254851798216502,0.06944444444444443,0.052777777777777764,0.06944444444444443,0.0,0.0,0.0,0.9093537414965986
6708,13,0.7692307692307693,0.6923076923076923,0.3697708432491009,0.02106376529453452,0.2268325691402615,0.34456803879880804,0.16666666666666663,0.33333333333333337,0.16666666666666663,0.9585576040121494
6760,8,0.75,0.75,0.36559928953647614,0.10044642857142858,-0.2084821428571429,0.10044642857142858,0.0,0.5,0.0,0.7801587301587302
6809,8,0.5,0.5,0.3603770434856415,0.2669642857142857,-0.035119047619047605,0.2669642857142857,0.5,0.25,0.5,0.7453968253968254
6825,16,0.75,0.75,0.5306684002280235,0.06310061466311466,0.20489215645465647,0.36602100156787654,0.0,0.5,0.125,0.9485233709788663
6859,24,0.5833333333333334,0.5833333333333334,0.37170657763878506,0.18082345872278055,0.24667773903139523,0.15610558400490582,0.41666666666666663,0.41666666666666663,0.5,0.8614313946943396
6890,5,0.6,0.6,0.3659596860408783,0.135,0.06833333333333334,0.135,0.0,0.0,0.0,0.9166666666666666
6902,25,0.68,0.64,0.3657227349281311,0.4662795925242553,-0.13198575298409732,0.041961484935249885,0.08333333333333337,0.33333333333333337,0.16666666666666663,0.7998209511274302
6904,12,0.4166666666666667,0.4166666666666667,0.3635673945148786,-0.004506373256373319,-0.2520111832611833,-0.08043229918229922,0.33333333333333337,0.6666666666666667,0.33333333333333337,0.6857993197278911
6934,9,0.6666666666666666,0.6666666666666666,0.366684142086241,-0.04272486772486769,-0.12215608465608462,0.012830687830687845,0.25,0.25,0.25,0.8734126984126983
6940,9,0.5555555555555556,0.4444444444444444,0.41367653674549526,-0.18262786596119931,-0.08463403880070547,-0.18262786596119931,0.5,0.5,0.5,0.5569805194805195
6955,15,0.5333333333333333,0.5333333333333333,0.36685686906178794,-0.06329614829614832,-0.21345395345395346,-0.11329614829614831,0.4285714285714286,0.5714285714285714,0.4285714285714286,0.9330555555555556
6981,11,0.5454545454545454,0.5454545454545454,0.4106153493577784,0.1711858848222485,0.05037058900695268,0.1354715991079628,0.6,0.8,0.6,0.6262213976499691
7032,8,0.875,0.875,0.4710700735449791,0.04575892857142857,-0.07299107142857145,0.02492559523809524,0.0,0.25,0.0,0.9704861111111112
7079,14,0.7142857142857143,0.7142857142857143,0.3943691296236856,-0.02632863168577454,-0.17857301428730002,-0.02632863168577454,0.1428571428571429,0.4285714285714286,0.1428571428571429,0.8726518431063885
7088,14,0.6428571428571429,0.6428571428571429,0.44508373950208935,0.09943112443112456,-0.13401558758701626,-0.2398545898545899,0.5714285714285714,0.4285714285714286,0.5714285714285714,0.9163929530222099
7126,24,0.5,0.5,0.3644370324909687,-0.17765255289821177,-0.3267892267273913,-0.33320914048846806,0.5833333333333333,0.6666666666666667,0.6666666666666667,0.5840530814215025
7159,16,0.4375,0.4375,0.3714827112853527,0.1093943816600067,0.0068413791070041086,0.04406856164668671,0.625,0.875,0.75,0.5030792124542125
7167,5,0.4,0.4,0.37185962200164796,0.1233333333333333,0.13166666666666682,0.023333333333333317,0.0,1.0,0.5,1.0
7201,6,0.3333333333333333,0.3333333333333333,0.39566359917322796,-0.050000000000000044,0.15833333333333333,0.2833333333333333,0.6666666666666667,0.6666666666666667,0.6666666666666667,1.0
7202,13,0.8461538461538461,0.8461538461538461,0.37801841359872085,0.06080778196162811,0.32530439645824255,0.33229740345124953,0.0,0.16666666666666663,0.16666666666666663,0.919150987900988
7204,8,0.375,0.375,0.32711703330278397,0.1433779761904761,0.13147321428571423,0.07671130952380945,0.75,0.75,0.75,0.81
7228,11,0.8181818181818182,0.8181818181818182,0.5004089908166365,0.06799816345270888,-0.08171323625869084,0.06799816345270888,0.0,0.19999999999999996,0.0,0.967452300785634
7229,12,0.3333333333333333,0.3333333333333333,0.33833202968041104,0.00952982202982211,0.2654491341991342,0.30734728234728237,0.5,0.6666666666666667,0.5,0.7751322751322751
7272,7,0.8571428571428571,0.8571428571428571,0.338142067193985,0.020748299319727936,0.020748299319727936,0.049319727891156497,0.0,0.0,0.0,0.990909090909091
7273,13,0.7692307692307693,0.6923076923076923,0.432015407543916,0.015139134369903579,-0.022526405218712936,0.051982846213615416,0.0,0.33333333333333337,0.0,0.8668921356421357
7292,13,0.46153846153846156,0.46153846153846156,0.35552308651117176,0.09841248495094634,0.21474337628183776,0.08815607469453612,0.6666666666666667,0.5,0.6666666666666667,0.7206959706959706
7311,15,0.8666666666666667,0.8666666666666667,0.4025242547194163,0.003656528656528636,-0.11870037370037373,-0.005102490102490115,0.1428571428571429,0.1428571428571429,0.0,0.9669202592279516
7325,9,0.6666666666666666,0.6666666666666666,0.4114450083838569,-0.07711640211640208,-0.07711640211640208,-0.05859788359788355,0.25,0.25,0.25,0.7690035273368606
7349,9,0.6666666666666666,0.5555555555555556,0.30335725678337944,-0.2277116402116402,-0.0011463844797179323,0.13339947089947096,0.5,1.0,0.75,1.0
7361,6,1.0,1.0,0.44042113920052844,0.0,0.0,0.0,0.0,0.0,0.0,1.0
7362,8,0.75,0.75,0.37137823179364204,0.02336309523809524,0.024851190476190485,0.054613095238095245,0.25,0.0,0.0,0.9087301587301587
7371,9,0.6666666666666666,0.6666666666666666,0.3675605853398641,0.09986772486772488,-0.205489417989418,-0.04272486772486769,0.0,0.5,0.25,0.8078754578754579
7372,8,0.625,0.625,0.35054726526141167,0.02745535714285713,-0.16688988095238094,-0.08087797619047621,0.25,0.5,0.25,0.8305555555555555
7391,13,0.7692307692307693,0.8461538461538461,0.4454357417730185,0.3608073550381243,0.2410247871786333,0.05760265375649991,0.16666666666666663,0.33333333333333337,0.0,0.6684338265220617
7406,12,0.5,0.5,0.4245617464184761,-0.054737854737854724,0.23747594997594995,0.24387325637325635,0.5,0.33333333333333337,0.5,0.915079365079365
7489,9,0.4444444444444444,0.3333333333333333,0.345886703994539,-0.09250440917107586,-0.1371031746031746,-0.030335097001763706,0.5,0.75,0.25,0.812049062049062
7498,8,0.5,0.5,0.339410163462162,0.23720238095238094,0.039285714285714285,-0.0023809523809524002,0.5,0.25,0.25,0.6220238095238095
7609,19,0.7368421052631579,0.7368421052631579,0.3784142262057254,0.052687900154088876,0.03478708751643414,0.05356509313654502,0.0,0.0,0.0,0.9504512916277622
7629,5,0.4,0.4,0.3277394652366638,0.023333333333333317,0.1566666666666668,0.023333333333333317,0.5,1.0,0.5,1.0
7632,8,0.75,0.75,0.419082161039114,0.07961309523809523,0.1665178571428571,0.28526785714285713,0.0,0.5,0.25,1.0
7649,22,0.7272727272727273,0.7272727272727273,0.3996460505507209,-0.08976955511574145,0.025469012763200738,-0.016653006631545925,0.18181818181818177,0.09090909090909094,0.18181818181818177,0.836591076024378
7684,9,0.5555555555555556,0.5555555555555556,0.3806680374675327,-0.08467813051146386,0.14805996472663133,0.2116181657848324,0.5,0.5,0.5,0.8444444444444444
7685,9,0.4444444444444444,0.4444444444444444,0.5118527246846093,0.2529982363315696,-0.07663139329805999,-0.021075837742504433,0.5,0.5,0.5,0.95
7691,11,0.36363636363636365,0.36363636363636365,0.34013572335243225,0.17316673225764134,0.22619703528794433,0.20760199396563028,0.6,0.6,0.4,0.95
7702,18,0.5,0.5,0.36750691963566673,0.07978594118299986,0.15402196750235964,0.007708404522129841,0.6666666666666667,0.5555555555555556,0.7777777777777778,0.5943139649022002
7740,13,0.6153846153846154,0.5384615384615384,0.41351344264470613,-0.0553412399566246,0.06632832978986847,0.15008944047405587,0.16666666666666663,0.6666666666666667,0.5,0.6279541446208114
7743,5,0.8,0.8,0.3031957745552063,0.05499999999999998,0.1883333333333333,-0.0116666666666667,0.0,0.5,0.0,0.8875
7756,27,0.5185185185185185,0.5185185185185185,0.3914411189379515,0.325600557994916,-0.16655446804899893,-0.11757357353864778,0.3846153846153846,0.46153846153846156,0.3846153846153846,0.5856737225353041
7840,12,0.5,0.5,0.3672371804714203,0.31216029341029344,0.09159151034151036,0.15974627224627225,0.5,0.6666666666666667,0.6666666666666667,0.7763278388278388
7842,18,0.4444444444444444,0.4444444444444444,0.4389391872617934,-0.017099938913664403,0.15780640474267937,0.32518401170361944,0.4444444444444444,0.7777777777777778,0.4444444444444444,0.5093337334933974
7873,8,0.125,0.125,0.32764681801199913,0.2604910714285713,0.1250744047619048,-0.11450892857142864,0.75,1.0,0.75,0.6
7912,7,0.5714285714285714,0.5714285714285714,0.31226448927606854,0.13129251700680278,0.3051020408163265,0.047959183673469435,0.0,0.33333333333333337,0.33333333333333337,0.554861111111111
7919,7,0.2857142857142857,0.2857142857142857,0.34064206055232454,0.03231292517006823,0.14421768707483018,0.09659863945578251,1.0,0.6666666666666667,1.0,0.6791666666666667
7922,7,0.5714285714285714,0.5714285714285714,0.3847909952913012,-0.08775510204081627,0.22891156462585033,0.2693877551020408,0.33333333333333337,0.33333333333333337,0.33333333333333337,0.8581730769230769
7963,16,0.4375,0.4375,0.39063010923564434,-0.07713610174547675,0.29258116015928515,-0.12639205412642918,0.375,0.5,0.375,0.5305584723154383
7987,11,0.6363636363636364,0.6363636363636364,0.37286734039133246,-0.142863701954611,-0.07089400498491405,-0.0974091565000656,0.4,0.4,0.4,0.7546028046028045
8027,36,0.7777777777777778,0.75,0.3965320438146591,0.38503873606473704,-0.23625019303636402,-0.2086610814556628,0.16666666666666663,0.38888888888888884,0.2777777777777778,0.9258967952443741
8047,9,0.4444444444444444,0.4444444444444444,0.4137613938914405,0.04373897707231039,0.19578924162257483,0.04373897707231039,0.25,0.5,0.25,0.7611111111111111
8083,36,0.6666666666666666,0.6944444444444444,0.39099638495180344,0.377143081601773,-0.035761022381494534,-0.04792507158842785,0.2777777777777778,0.33333333333333337,0.16666666666666663,0.8764074391068304
8094,11,0.45454545454545453,0.45454545454545453,0.37500968033617194,0.07625278761642398,-0.1030040666404303,0.10958612094975731,0.19999999999999996,0.6,0.0,0.5566233766233766
8129,12,0.6666666666666666,0.6666666666666666,0.41053389261166257,-0.08525733525733525,0.18074795574795582,-0.18211580086580081,0.33333333333333337,0.5,0.33333333333333337,0.9068813131313131
8151,11,0.36363636363636365,0.36363636363636365,0.36650280248035083,0.06587957497048402,-0.054863570772661685,-0.24310310901219995,0.8,0.4,0.8,0.8425925925925926
8158,17,0.35294117647058826,0.4117647058823529,0.38072700710857615,0.3034303019164612,-0.18888868244404572,0.29203823377698823,0.5,0.5,0.5,0.8419642857142857
8159,8,0.5,0.5,0.33406509831547737,-0.12886904761904766,0.36488095238095236,0.18988095238095237,0.5,0.25,0.75,0.5851948051948053
8176,7,0.8571428571428571,0.8571428571428571,0.4509077412741525,0.049319727891156497,0.22312925170068026,0.22312925170068026,0.0,0.33333333333333337,0.33333333333333337,0.9583333333333334
8181,8,0.625,0.625,0.3683771789073944,-0.055877976190476186,-0.10438988095238094,-0.03504464285714287,0.25,0.5,0.25,0.7088888888888889
8189,16,0.625,0.625,0.37095269188284874,-0.1720547681485181,-0.12703832625707628,-0.17887294996669995,0.375,0.375,0.375,0.911175844440647
8211,6,0.8333333333333334,0.8333333333333334,0.4368598808844884,0.052777777777777764,0.2055555555555555,0.2055555555555555,0.0,0.33333333333333337,0.33333333333333337,0.9761904761904762
8224,25,0.84,0.84,0.4402584910392761,0.057270588526652615,0.357505571241848,0.014153065732968817,0.0,0.16666666666666663,0.08333333333333337,0.8878408007077063
8239,7,0.42857142857142855,0.42857142857142855,0.334274811404092,-0.06700680272108844,-0.0789115646258503,-0.007482993197278909,0.33333333333333337,0.33333333333333337,0.33333333333333337,0.8305555555555555
8246,8,0.875,0.875,0.3871610686182976,-7.44047619047547e-05,0.04575892857142857,0.04575892857142857,0.0,0.0,0.0,0.9704861111111112
8316,6,0.5,0.5,0.48046599825223285,0.019444444444444403,-0.11944444444444455,-0.06388888888888897,0.33333333333333337,0.6666666666666667,0.33333333333333337,0.6388888888888888
8410,11,0.9090909090909091,0.9090909090909091,0.449752769686959,0.03677685950413225,-0.031008133280860536,0.0023252000524727895,0.0,0.19999999999999996,0.0,0.8031207996018921
8414,17,0.7647058823529411,0.7058823529411765,0.3794911486261031,0.09316711978909212,-0.15392358746597504,0.09316711978909212,0.0,0.5,0.0,0.7237852367526099
8452,18,0.7777777777777778,0.7777777777777778,0.4209756735298369,0.06466453390472998,0.26970278269297876,0.3887917184485812,0.0,0.33333333333333337,0.11111111111111116,0.977124183006536
8466,20,0.35,0.3,0.3901747092604637,0.021466607652753156,0.12790806759460016,-0.09359291615677068,0.30000000000000004,0.7,0.30000000000000004,0.6066608829766724
8483,19,0.6842105263157895,0.6842105263157895,0.41292691387628255,0.07457658779762413,0.1540937381739077,0.07457658779762413,0.11111111111111116,0.5555555555555556,0.11111111111111116,0.9306813069970965
8504,12,0.5,0.5,0.35549791157245636,-0.2593825156325157,-0.06307118807118803,-0.14202140452140458,0.6666666666666667,0.5,0.6666666666666667,0.7610576923076923
8510,21,0.38095238095238093,0.38095238095238093,0.3817388301803952,0.10603029642724471,-0.2883463218436681,0.059243881783687,0.8,0.6,0.8,0.5157328417196838
8592,13,0.5384615384615384,0.5384615384615384,0.34406768129422116,0.33406614752768604,0.25931034777188633,0.2738097372712758,0.33333333333333337,0.5,0.33333333333333337,0.5991402116402116
8593,11,0.5454545454545454,0.45454545454545453,0.36083185401829804,0.224721238357602,0.2311950675587039,0.15491604355240718,0.4,0.4,0.4,0.7142857142857142
8597,12,0.5,0.5,0.3750510886311531,0.10280182780182778,0.2514129389129389,0.19478415103415092,0.6666666666666667,0.5,0.6666666666666667,1.0
8613,8,0.75,0.75,0.3628660589456558,-0.03139880952380952,0.2081845238095238,0.2081845238095238,0.25,0.5,0.5,0.8951388888888888
8655,15,0.6,0.6,0.3877521892388662,-0.006122766122766132,0.17802826802826804,-0.05834498834498833,0.2857142857142857,0.5714285714285714,0.2857142857142857,0.5572746616128967
8664,18,0.7222222222222222,0.7222222222222222,0.4080405847893821,0.3355537527106154,0.2294348217142334,0.26262346948621446,0.33333333333333337,0.4444444444444444,0.33333333333333337,0.7995183756240809
8684,8,0.625,0.625,0.42943791672587395,0.3191220238095238,0.014360119047619052,-0.03504464285714287,0.25,0.25,0.25,0.9367346938775509
8687,15,0.6666666666666666,0.6666666666666666,0.4202967365582784,0.12138398638398651,-0.0818187368187368,-0.11716098716098708,0.7142857142857143,0.2857142857142857,0.4285714285714286,0.9722222222222222
8704,18,0.6666666666666666,0.6666666666666666,0.37837015092372894,-0.1608772309752702,-0.10082031258501847,-0.09229396239200163,0.4444444444444444,0.33333333333333337,0.4444444444444444,0.7767188298244199
8709,8,0.375,0.375,0.34299131482839584,0.29188988095238094,0.22938988095238094,0.29188988095238094,0.5,0.5,0.5,0.7928571428571429
8712,21,0.6666666666666666,0.6666666666666666,0.3932801414103735,0.021329380932432723,0.10107230865191952,-0.08180544229305836,0.09999999999999998,0.5,0.19999999999999996,0.7770460562816534
8748,12,0.25,0.25,0.41454102098941803,0.24975649350649343,0.18180014430014413,0.18725649350649343,0.6666666666666667,0.6666666666666667,0.6666666666666667,0.36471861471861466
8769,8,0.625,0.625,0.5445614233613014,-0.10438988095238094,0.07953869047619049,-0.0064732142857142905,0.5,0.0,0.25,0.9583333333333334
8770,13,0.5384615384615384,0.46153846153846156,0.37823909291854274,0.045815509277047806,-0.11785735631889482,-0.06105262259108413,0.8333333333333334,0.5,0.33333333333333337,1.0
8773,5,0.4,0.4,0.347837495803833,0.3233333333333334,0.06500000000000017,0.1566666666666668,0.5,1.0,1.0,1.0
8800,17,0.6470588235294118,0.6470588235294118,0.3642573777367087,-0.007192185457756378,0.17873153134831332,0.2210269809967041,0.125,0.5,0.375,0.7140690414754586
8853,9,0.7777777777777778,0.7777777777777778,0.4402147564623091,0.057429453262786596,0.30372574955908294,0.30372574955908294,0.0,0.25,0.25,0.9861111111111112
8863,19,0.631578947368421,0.631578947368421,0.405656918099052,-0.000809547259359833,0.16195055125925262,0.33810475481283697,0.2222222222222222,0.4444444444444444,0.33333333333333337,0.7425090450853387
8869,14,0.2857142857142857,0.35714285714285715,0.37268955792699543,0.26020566734852457,-0.04447080697080702,-0.064907314907315,0.4285714285714286,0.4285714285714286,0.4285714285714286,0.36979166666666674
8909,12,0.8333333333333334,0.8333333333333334,0.36574214945236844,0.07260101010101008,-0.09295935545935549,0.07260101010101008,0.0,0.33333333333333337,0.0,0.8004731379731379
8943,8,0.625,0.625,0.3916185200214386,0.03936011904761905,-0.07938988095238098,0.07061011904761905,0.25,0.5,0.0,1.0
8961,7,0.7142857142857143,0.7142857142857143,0.3939359784126282,-0.07755102040816325,0.27244897959183667,0.2081632653061224,0.33333333333333337,0.33333333333333337,0.33333333333333337,0.8555555555555555
8968,13,0.46153846153846156,0.46153846153846156,0.3499205158307002,0.2327253942638557,0.006498843037304636,0.20192286346132493,0.5,0.8333333333333334,0.6666666666666667,0.8531746031746031
8983,10,0.5,0.5,0.43960813581943514,0.2209126984126984,0.2967063492063492,0.2542460317460318,0.4,0.4,0.4,0.81
8984,16,0.3125,0.3125,0.40192130766808987,0.2728260021228771,0.27339418394105897,-0.1616234026390277,0.625,0.625,0.75,0.9333333333333333
9019,13,0.7692307692307693,0.7692307692307693,0.36404176629506624,0.036448380679149905,-0.0983224040916349,-0.06226956803879885,0.16666666666666663,0.16666666666666663,0.16666666666666663,0.9406172110717564
9057,15,0.4,0.4,0.42818697889645896,-0.23490416990417,0.10329448329448332,0.09609705109705124,0.7142857142857143,0.7142857142857143,0.7142857142857143,1.0
9082,28,0.5357142857142857,0.5357142857142857,0.3814740553498268,0.015041097371491757,0.05060512733930622,0.14948119578661345,0.2857142857142857,0.6428571428571428,0.5,0.680662836035721
9087,4,0.75,0.75,0.34510112553834915,0.09375,0.05208333333333333,0.09375,0.0,0.0,0.0,0.8666666666666667
9162,12,0.5833333333333334,0.5,0.3537530725200971,0.3156685906685906,0.1757184944684944,0.24126382876382868,0.33333333333333337,0.5,0.5,0.7637917637917637
9165,14,0.5714285714285714,0.5714285714285714,0.38456912125859943,0.35017066267066277,0.2878149628149629,0.35017066267066277,0.2857142857142857,0.2857142857142857,0.2857142857142857,0.6824693824693825
9177,10,0.6,0.6,0.3840190976858139,0.12404761904761905,-0.17507936507936508,0.12404761904761905,0.0,0.4,0.0,0.7781114718614719
9183,7,0.8571428571428571,0.8571428571428571,0.3930466515677316,0.020748299319727936,0.049319727891156497,0.020748299319727936,0.0,0.0,0.0,0.9240362811791383
9187,9,0.6666666666666666,0.6666666666666666,0.37506452533933854,-0.16415343915343916,0.22043650793650799,-0.07156084656084656,0.5,0.5,0.5,0.8676638176638177
9196,6,0.6666666666666666,0.6666666666666666,0.37758829692999524,-0.05833333333333329,0.21666666666666673,-0.17222222222222225,0.33333333333333337,0.33333333333333337,0.6666666666666667,0.8041666666666667
9201,6,0.6666666666666666,0.6666666666666666,0.3778790930906932,0.08055555555555557,-0.17222222222222225,0.08055555555555557,0.0,0.6666666666666667,0.0,0.9761904761904762
9225,11,0.7272727272727273,0.7272727272727273,0.3568908382545818,-0.10554243736061918,0.30859897678079495,0.23233635051816864,0.19999999999999996,0.19999999999999996,0.4,0.8936387686387688
9253,5,1.0,1.0,0.43208776116371156,0.0,0.0,0.0,0.0,0.0,0.0,1.0
9261,18,0.2777777777777778,0.2777777777777778,0.45859503746032715,-0.20863576329262612,0.343800122354044,0.26080868115181854,0.6666666666666667,0.4444444444444444,0.6666666666666667,0.648941798941799
9299,17,0.5882352941176471,0.5882352941176471,0.3657524603254655,-0.1410578416201253,-0.2422723134228325,0.23989453933225552,0.5,0.5,0.5,0.5306672494172494
9306,20,0.35,0.35,0.39856289327144623,-0.08029982036367489,0.27766381988324706,0.3416067452928907,0.5,0.5,0.5,0.7501133786848072
9320,7,0.2857142857142857,0.2857142857142857,0.40456922139440266,-0.017687074829931926,0.06088435374149692,0.33945578231292534,0.33333333333333337,1.0,0.33333333333333337,0.7
9346,25,0.72,0.68,0.3465211176872253,0.4577024853954319,-0.14754719632232088,-0.00420227650932993,0.08333333333333337,0.25,0.08333333333333337,0.7611014659479571
9359,13,0.46153846153846156,0.46153846153846156,0.36285069355597865,0.20304951458797604,0.29111700265546414,0.23125464279310426,0.6666666666666667,0.33333333333333337,0.5,0.8888888888888888
9369,21,0.5238095238095238,0.5238095238095238,0.38742132555870784,-0.07987678611296481,0.06043136511955627,0.2081157108081036,0.30000000000000004,0.7,0.5,0.8372546039486829
9375,26,0.5384615384615384,0.5769230769230769,0.3764597521378444,0.33091063226585926,-0.2302366920855277,-0.23320875764538593,0.3076923076923077,0.5384615384615384,0.46153846153846156,0.8944789737552896
9381,15,0.3333333333333333,0.3333333333333333,0.4186902622381846,0.05528268028268035,0.09327135827135835,0.33668479668479667,0.2857142857142857,0.8571428571428572,0.4285714285714286,0.9484126984126984
9401,6,0.16666666666666666,0.16666666666666666,0.3699790338675181,0.11388888888888893,0.09722222222222232,0.11388888888888893,1.0,1.0,1.0,1.0
9402,9,0.4444444444444444,0.4444444444444444,0.3837246431244744,-0.07663139329805999,0.05319664902998228,0.1402336860670193,0.5,0.75,0.5,0.7544444444444445
9411,13,0.5384615384615384,0.5384615384615384,0.3525085999415471,0.056657445118983574,-0.15626019279865433,0.009221547683086168,0.16666666666666663,0.33333333333333337,0.33333333333333337,0.5649839743589744
9449,17,0.8235294117647058,0.8235294117647058,0.44264209095169516,0.04666689999734985,-0.11908062861782581,0.05254925293852633,0.0,0.25,0.0,0.8946632400966765
9469,5,0.4,0.4,0.3861332952976227,0.2566666666666667,0.2566666666666667,0.2566666666666667,0.5,0.5,0.5,1.0
9477,8,0.75,0.75,0.3496044687926769,0.02336309523809524,-0.03139880952380952,0.07961309523809523,0.25,0.25,0.0,0.869171877505211
9480,21,0.6190476190476191,0.6190476190476191,0.36022085660979863,0.3227366376968322,-0.19593914550239186,-0.052658049070034935,0.19999999999999996,0.5,0.19999999999999996,0.5852995935688243
9505,10,0.7,0.7,0.38146147727966306,0.0623809523809524,0.30865079365079373,0.3197619047619048,0.0,0.19999999999999996,0.19999999999999996,0.9085858585858586
9510,11,0.5454545454545454,0.5454545454545454,0.3978194296360016,-0.19926866063229695,0.27295356158992523,0.2923980060343697,0.6,0.6,0.4,0.6834260977118121
9526,27,0.5925925925925926,0.5555555555555556,0.4148929439209126,0.0743082452838639,0.07369890560364101,0.32538832471934975,0.07692307692307687,0.6153846153846154,0.3076923076923077,0.7674083072148484
9530,8,0.375,0.375,0.3806290365755558,0.08563988095238095,0.1808779761904762,0.10171130952380958,0.75,0.75,0.75,1.0
9538,9,0.7777777777777778,0.7777777777777778,0.37054582436879474,-0.08516313932980599,0.05048500881834215,0.03520723104056438,0.25,0.0,0.0,0.9704861111111112
9556,14,0.42857142857142855,0.42857142857142855,0.383115434220859,0.2704359132930561,0.22318316604030886,0.2144835323406752,0.4285714285714286,0.4285714285714286,0.4285714285714286,0.622253143681715
9559,17,0.6470588235294118,0.6470588235294118,0.43876658117069917,0.4027305715238241,0.04843858083477459,0.2619021189306655,0.125,0.625,0.375,0.9464074387151311
9586,5,0.6,0.6,0.3197290122509003,0.06833333333333334,-0.05666666666666664,-0.03166666666666662,0.0,0.5,0.5,0.6388888888888888
9609,17,0.6470588235294118,0.6470588235294118,0.4302765551735373,-0.0729484879787648,-0.19030812997075974,0.3084240610408431,0.25,0.5,0.25,0.8891749961268677
9620,17,0.47058823529411764,0.47058823529411764,0.39393097162246704,-0.10414543165408219,0.08962289152600572,0.17666689327588975,0.5,0.625,0.5,0.8915190365190364
9626,10,0.5,0.5,0.3404691517353058,0.12003968253968254,0.21992063492063496,0.24670634920634926,0.0,0.4,0.4,0.8523809523809524
9655,12,0.6666666666666666,0.6666666666666666,0.46148985375960666,-0.08656204906204906,-0.07993326118326116,-0.07993326118326116,0.33333333333333337,0.33333333333333337,0.33333333333333337,0.9888888888888889
9670,12,0.5833333333333334,0.5833333333333334,0.356204258898894,0.28271404521404514,-0.16530182780182778,0.2013648388648388,0.33333333333333337,0.33333333333333337,0.33333333333333337,0.807535321821036
9712,7,1.0,1.0,0.5681821491037097,0.0,0.0,0.0,0.0,0.0,0.0,0.9861111111111112
9719,14,0.5,0.5,0.36635976816926685,-0.08885816564388,0.1368199261056403,0.1495488638345781,0.4285714285714286,0.5714285714285714,0.5714285714285714,0.5740460927960929
9742,7,0.2857142857142857,0.42857142857142855,0.3690655103751591,-0.06530612244897954,0.2425170068027212,0.0044217687074829815,0.6666666666666667,0.6666666666666667,0.33333333333333337,0.4027777777777778
9746,10,0.6,0.6,0.3907465189695358,0.031428571428571445,0.36476190476190473,0.031428571428571445,0.19999999999999996,0.19999999999999996,0.19999999999999996,0.7407407407407407
9753,8,0.75,0.75,0.412406824529171,-0.048065476190476186,0.1665178571428571,0.2644345238095238,0.25,0.5,0.25,1.0
9787,16,0.5625,0.5625,0.40510850213468075,0.38879579621767124,0.17760733190420702,0.2186298510517261,0.25,0.5,0.5,0.6006301779029052
9817,9,0.6666666666666666,0.6666666666666666,0.42553618881437516,-0.12215608465608462,0.12784391534391543,0.26673280423280427,0.25,0.5,0.25,0.8773809523809524
9853,5,0.4,0.4,0.37282695174217223,-0.04333333333333339,0.1566666666666668,0.2566666666666667,0.5,1.0,0.5,0.7
9857,10,0.9,0.9,0.3421685457229614,0.02694444444444443,0.012658730158730133,0.02694444444444443,0.0,0.0,0.0,0.9924242424242424
9869,11,0.5454545454545454,0.5454545454545454,0.3924803246151317,-0.0947232060868424,0.26967073330709695,0.26512527876164244,0.4,0.4,0.4,0.7718210361067503
9884,7,0.7142857142857143,0.7142857142857143,0.34887355991772245,0.11054421768707484,0.08197278911564627,0.11054421768707484,0.0,0.0,0.0,0.8583333333333334
9904,17,0.6470588235294118,0.6470588235294118,0.38517216198584614,0.2840368061388823,-0.13802267033235893,-0.07478672327288247,0.25,0.375,0.25,0.9285183070897358
9996,12,0.3333333333333333,0.3333333333333333,0.40010188271601993,0.3706409331409331,0.039556277056276956,0.23790283790283784,0.33333333333333337,1.0,0.5,0.8214285714285714
