attribute,value,rows,error_prevalence,status,method,auprc,aurc,auroc,brier,coverage_at_risk_0.05,coverage_at_risk_0.10,coverage_at_risk_0.20,ece,n,nll,risk_at_0.50,risk_at_0.70,risk_at_0.80,risk_at_0.90,risk_at_1.00
category_name,bicycle,1,1.0,not_estimable_minimum_rows,not_estimable,,,,,,,,,,,,,,,
category_name,bus,5,0.8,not_estimable_minimum_rows,not_estimable,,,,,,,,,,,,,,,
category_name,car,77,0.23376623376623376,estimable,capacity_control_product,0.7928600600918727,0.0590535584234758,0.9001883239171374,0.17177192613584827,0.6233766233766234,0.8051948051948052,0.948051948051948,0.23355268080615674,77.0,0.6554473994786948,0.05128205128205128,0.07407407407407407,0.0967741935483871,0.17142857142857143,0.23376623376623376
category_name,car,77,0.23376623376623376,estimable,confidence,0.6545047520873895,0.06806881315504296,0.8634651600753296,0.20965283271948632,0.5974025974025974,0.7272727272727273,0.935064935064935,0.2930381921851107,77.0,1.1107666278072066,0.02564102564102564,0.09259259259259259,0.12903225806451613,0.18571428571428572,0.23376623376623376
category_name,car,77,0.23376623376623376,estimable,direct_spatial_fusion,0.6645935854669398,0.061689045707033645,0.8738229755178908,0.16120229819080847,0.5974025974025974,0.7142857142857143,0.948051948051948,0.2175121910928779,77.0,0.8243393225525868,0.0,0.07407407407407407,0.1774193548387097,0.18571428571428572,0.23376623376623376
category_name,car,77,0.23376623376623376,estimable,equal_fusion,0.6592819879186372,0.0665585212348395,0.8625235404896422,0.20873524175826058,0.6103896103896104,0.7142857142857143,0.948051948051948,0.23109088922825388,77.0,1.2850323810317434,0.02564102564102564,0.07407407407407407,0.16129032258064516,0.18571428571428572,0.23376623376623376
category_name,car,77,0.23376623376623376,estimable,learned_spatial_quality,0.5253912049199688,0.10264571325840931,0.7382297551789078,0.25929716132544706,0.4155844155844156,0.44155844155844154,0.948051948051948,0.24992049013014467,77.0,2.6523681767923617,0.1282051282051282,0.16666666666666666,0.1935483870967742,0.2,0.23376623376623376
category_name,car,77,0.23376623376623376,estimable,product_fusion,0.6577096320644709,0.06365990664178177,0.8738229755178908,0.19689892302200906,0.6363636363636364,0.7142857142857143,0.922077922077922,0.24299677591793048,77.0,1.4259665365482503,0.02564102564102564,0.09259259259259259,0.14516129032258066,0.2,0.23376623376623376
category_name,car,77,0.23376623376623376,estimable,spatial_agreement,0.3000359008597465,0.2100611517085881,0.6129943502824858,0.265874731364633,0.0,0.5324675324675324,0.6753246753246753,0.2571851194779131,77.0,2.3671525900681214,0.10256410256410256,0.2222222222222222,0.22580645161290322,0.24285714285714285,0.23376623376623376
category_name,motorcycle,7,1.0,not_estimable_minimum_rows,not_estimable,,,,,,,,,,,,,,,
category_name,person,15,0.9333333333333333,not_estimable_minimum_rows,not_estimable,,,,,,,,,,,,,,,
category_name,rider,4,1.0,not_estimable_minimum_rows,not_estimable,,,,,,,,,,,,,,,
category_name,traffic light,34,0.8235294117647058,estimable,capacity_control_product,0.9319013264762157,0.6805067298709262,0.75,0.15387045510529798,0.029411764705882353,0.029411764705882353,0.029411764705882353,0.15970316129055429,34.0,0.8394925938960258,0.7058823529411765,0.7916666666666666,0.7857142857142857,0.8064516129032258,0.8235294117647058
category_name,traffic light,34,0.8235294117647058,estimable,confidence,0.8611079896234916,0.6964236502567092,0.6428571428571428,0.21028812881215786,0.058823529411764705,0.058823529411764705,0.058823529411764705,0.2962386108726133,34.0,0.9985857571400452,0.7647058823529411,0.8333333333333334,0.8214285714285714,0.8387096774193549,0.8235294117647058
category_name,traffic light,34,0.8235294117647058,estimable,direct_spatial_fusion,0.8565082133696179,0.7987620297498745,0.5535714285714286,0.19221493465878425,0.0,0.0,0.0,0.17246616503690118,34.0,0.9451812601885825,0.8235294117647058,0.7916666666666666,0.8214285714285714,0.8387096774193549,0.8235294117647058
category_name,traffic light,34,0.8235294117647058,estimable,equal_fusion,0.8468493474145388,0.7036244614281085,0.6190476190476191,0.21700644027343255,0.058823529411764705,0.058823529411764705,0.058823529411764705,0.2857515949540213,34.0,1.0154999843277417,0.7647058823529411,0.8333333333333334,0.8571428571428571,0.8387096774193549,0.8235294117647058
category_name,traffic light,34,0.8235294117647058,estimable,learned_spatial_quality,0.7992146133530039,0.8934344014011463,0.36904761904761907,0.3077727962421134,0.0,0.0,0.0,0.39916920504461306,34.0,2.000454116503279,0.8235294117647058,0.875,0.8214285714285714,0.8387096774193549,0.8235294117647058
category_name,traffic light,34,0.8235294117647058,estimable,product_fusion,0.8652246890041662,0.6948926247000913,0.6369047619047619,0.24526524691038337,0.058823529411764705,0.058823529411764705,0.058823529411764705,0.3620147426903925,34.0,1.4814139026767517,0.7647058823529411,0.8333333333333334,0.8571428571428571,0.8064516129032258,0.8235294117647058
category_name,traffic light,34,0.8235294117647058,estimable,spatial_agreement,0.7836108718564052,0.8976387651389786,0.34523809523809523,0.2271075515334245,0.0,0.0,0.0,0.2832242257061269,34.0,1.824563219354705,0.8235294117647058,0.875,0.8928571428571429,0.8387096774193549,0.8235294117647058
category_name,traffic sign,30,0.43333333333333335,estimable,capacity_control_product,0.6339403288399943,0.2939599934042806,0.6696832579185521,0.25953137291901895,0.1,0.1,0.23333333333333334,0.19339088372384405,30.0,2.053808112972467,0.26666666666666666,0.38095238095238093,0.4166666666666667,0.4074074074074074,0.43333333333333335
category_name,traffic sign,30,0.43333333333333335,estimable,confidence,0.6371985857279976,0.259959990483225,0.7149321266968327,0.23260971355372992,0.13333333333333333,0.13333333333333333,0.3333333333333333,0.15639899953174144,30.0,1.1049082633234348,0.26666666666666666,0.3333333333333333,0.4166666666666667,0.4074074074074074,0.43333333333333335
category_name,traffic sign,30,0.43333333333333335,estimable,direct_spatial_fusion,0.6966430885935528,0.2601624849197348,0.746606334841629,0.24365772272076106,0.06666666666666667,0.3333333333333333,0.36666666666666664,0.23503813313759986,30.0,1.5834086516740058,0.26666666666666666,0.3333333333333333,0.375,0.4074074074074074,0.43333333333333335
category_name,traffic sign,30,0.43333333333333335,estimable,equal_fusion,0.7389916877375069,0.261243741544851,0.7420814479638009,0.2256141908547866,0.1,0.1,0.3333333333333333,0.16276274239869504,30.0,1.0610004824552357,0.26666666666666666,0.38095238095238093,0.3333333333333333,0.37037037037037035,0.43333333333333335
category_name,traffic sign,30,0.43333333333333335,estimable,learned_spatial_quality,0.7050323608015914,0.22205827087898827,0.7692307692307692,0.23372838077988614,0.26666666666666666,0.26666666666666666,0.4,0.16128664574925894,30.0,1.5506291976552187,0.26666666666666666,0.2857142857142857,0.375,0.4074074074074074,0.43333333333333335
category_name,traffic sign,30,0.43333333333333335,estimable,product_fusion,0.6637875059543779,0.26565186053268025,0.7194570135746606,0.2550469862202708,0.1,0.1,0.36666666666666664,0.2144389688548905,30.0,2.495283455208383,0.26666666666666666,0.3333333333333333,0.4166666666666667,0.4074074074074074,0.43333333333333335
category_name,traffic sign,30,0.43333333333333335,estimable,spatial_agreement,0.6209425190194422,0.3566614882956731,0.665158371040724,0.2543927792804847,0.0,0.0,0.3333333333333333,0.13156969810662553,30.0,1.6092274824054538,0.26666666666666666,0.38095238095238093,0.375,0.4074074074074074,0.43333333333333335
category_name,truck,16,1.0,not_estimable_minimum_rows,not_estimable,,,,,,,,,,,,,,,
object_size,large,24,0.5,estimable,capacity_control_product,0.917787999037999,0.20717242015343207,0.9166666666666666,0.09695213195814574,0.25,0.5,0.5416666666666666,0.11231307585470081,24.0,0.30285950866666866,0.08333333333333333,0.35294117647058826,0.4,0.45454545454545453,0.5
object_size,large,24,0.5,estimable,confidence,0.9722222222222222,0.1828877757401112,0.9652777777777779,0.10871030089127424,0.3333333333333333,0.5,0.625,0.06026889613187505,24.0,0.33672087160567227,0.08333333333333333,0.29411764705882354,0.4,0.45454545454545453,0.5
object_size,large,24,0.5,estimable,direct_spatial_fusion,0.9688131313131313,0.181234336586672,0.9652777777777778,0.07754629629630089,0.375,0.5,0.625,0.05555560138888887,24.0,0.24892214923542064,0.08333333333333333,0.29411764705882354,0.4,0.45454545454545453,0.5
object_size,large,24,0.5,estimable,equal_fusion,0.9688131313131313,0.181234336586672,0.9652777777777778,0.09423318722550356,0.375,0.5,0.625,0.11766071508666733,24.0,0.2736223638584245,0.08333333333333333,0.29411764705882354,0.4,0.45454545454545453,0.5
object_size,large,24,0.5,estimable,learned_spatial_quality,0.8815132783882784,0.25979391358374904,0.8472222222222222,0.23447438480981253,0.125,0.125,0.4583333333333333,0.17389705852281878,24.0,2.329134037152418,0.25,0.29411764705882354,0.4,0.45454545454545453,0.5
object_size,large,24,0.5,estimable,product_fusion,0.9763888888888889,0.17825814611048155,0.9722222222222222,0.08006728391572704,0.375,0.5,0.625,0.06589396392021718,24.0,0.23129764075542933,0.08333333333333333,0.29411764705882354,0.4,0.45454545454545453,0.5
object_size,large,24,0.5,estimable,spatial_agreement,0.7039754428341385,0.4559277693006156,0.6666666666666667,0.2608330151645097,0.0,0.0,0.0,0.19680918950398602,24.0,1.9029508404701687,0.3333333333333333,0.4117647058823529,0.45,0.5,0.5
object_size,medium,79,0.43037974683544306,estimable,capacity_control_product,0.7961662172967044,0.2166986097370277,0.7993464052287582,0.1771834634153296,0.17721518987341772,0.21518987341772153,0.31645569620253167,0.07692528341221963,79.0,0.48952236177179426,0.25,0.30357142857142855,0.3125,0.375,0.43037974683544306
object_size,medium,79,0.43037974683544306,estimable,confidence,0.7402135129087405,0.2195405302812564,0.7882352941176471,0.19904063811629036,0.16455696202531644,0.21518987341772153,0.34177215189873417,0.14045319242419022,79.0,0.900958914325313,0.225,0.26785714285714285,0.34375,0.4027777777777778,0.43037974683544306
object_size,medium,79,0.43037974683544306,estimable,direct_spatial_fusion,0.7712864591871936,0.21544480053966975,0.8052287581699347,0.1861707871672666,0.12658227848101267,0.16455696202531644,0.569620253164557,0.14328365962187775,79.0,0.7088144787059198,0.2,0.26785714285714285,0.34375,0.3888888888888889,0.43037974683544306
object_size,medium,79,0.43037974683544306,estimable,equal_fusion,0.7733513948051596,0.20803535159029932,0.8124183006535948,0.1963255541068928,0.1518987341772152,0.25316455696202533,0.6075949367088608,0.12835907587334847,79.0,1.2294753816839,0.2,0.30357142857142855,0.34375,0.3888888888888889,0.43037974683544306
object_size,medium,79,0.43037974683544306,estimable,learned_spatial_quality,0.7150415259992112,0.2091757028361172,0.7862745098039216,0.22417795241154836,0.25316455696202533,0.35443037974683544,0.4430379746835443,0.15948351536695915,79.0,1.9839983955943474,0.275,0.3392857142857143,0.359375,0.4027777777777778,0.43037974683544306
object_size,medium,79,0.43037974683544306,estimable,product_fusion,0.7740519493537608,0.20831911817409302,0.8117647058823529,0.20531793625422096,0.1518987341772152,0.25316455696202533,0.5949367088607594,0.15332631461882562,79.0,1.4212473540979491,0.175,0.2857142857142857,0.359375,0.375,0.43037974683544306
object_size,medium,79,0.43037974683544306,estimable,spatial_agreement,0.6703815855438701,0.2520484253671528,0.7392156862745097,0.23988036886637093,0.05063291139240506,0.1518987341772152,0.4430379746835443,0.14673438525635393,79.0,1.8895081744517317,0.25,0.3392857142857143,0.390625,0.4027777777777778,0.43037974683544306
object_size,small,86,0.686046511627907,estimable,capacity_control_product,0.8702490903790923,0.4871827304896286,0.7520401757689894,0.18453666635392924,0.06976744186046512,0.06976744186046512,0.08139534883720931,0.11693520429243115,86.0,1.3027848407808078,0.5348837209302325,0.6229508196721312,0.6231884057971014,0.6538461538461539,0.686046511627907
object_size,small,86,0.686046511627907,estimable,confidence,0.7722916785957464,0.5031677115719501,0.6892655367231638,0.20854471474704706,0.06976744186046512,0.06976744186046512,0.08139534883720931,0.1654646029044233,86.0,1.0726133815924888,0.5348837209302325,0.6557377049180327,0.6811594202898551,0.6923076923076923,0.686046511627907
object_size,small,86,0.686046511627907,estimable,direct_spatial_fusion,0.820642768599241,0.4971825711036219,0.7106089139987446,0.1941527019478063,0.08139534883720931,0.08139534883720931,0.09302325581395349,0.10617199794510025,86.0,1.1811471007928778,0.6046511627906976,0.6229508196721312,0.6521739130434783,0.6794871794871795,0.686046511627907
object_size,small,86,0.686046511627907,estimable,equal_fusion,0.8189292545662519,0.49400335924395966,0.7124921531701193,0.19883710203414148,0.05813953488372093,0.05813953488372093,0.09302325581395349,0.1738276916634651,86.0,0.8767756300810602,0.5581395348837209,0.6885245901639344,0.6521739130434783,0.6666666666666666,0.686046511627907
object_size,small,86,0.686046511627907,estimable,learned_spatial_quality,0.799825954638981,0.5488483575002829,0.6547394852479598,0.24819558277149031,0.03488372093023256,0.03488372093023256,0.05813953488372093,0.22813996874586667,86.0,1.4552482588277962,0.5813953488372093,0.639344262295082,0.6521739130434783,0.6666666666666666,0.686046511627907
object_size,small,86,0.686046511627907,estimable,product_fusion,0.8083267460278618,0.4959727930763239,0.7037037037037037,0.22427452992592903,0.06976744186046512,0.06976744186046512,0.09302325581395349,0.2422438616838396,86.0,1.5724479527883382,0.5581395348837209,0.6721311475409836,0.6811594202898551,0.6666666666666666,0.686046511627907
object_size,small,86,0.686046511627907,estimable,spatial_agreement,0.7773357746414511,0.5705341408130612,0.6264908976773383,0.2194139805040117,0.023255813953488372,0.023255813953488372,0.023255813953488372,0.16223095453168448,86.0,1.3965815020090775,0.627906976744186,0.639344262295082,0.6811594202898551,0.6666666666666666,0.686046511627907
scene,city street,134,0.5149253731343284,estimable,capacity_control_product,0.7823584506012639,0.3087953538067823,0.7625418060200668,0.20702657386499285,0.08955223880597014,0.14925373134328357,0.19402985074626866,0.08571453107702934,134.0,1.0788561718520473,0.29850746268656714,0.40425531914893614,0.4444444444444444,0.4628099173553719,0.5149253731343284
scene,city street,134,0.5149253731343284,estimable,confidence,0.6942073499229904,0.3094524102812994,0.744035674470457,0.2201634768852575,0.07462686567164178,0.13432835820895522,0.208955223880597,0.12545353545913465,134.0,1.1297072722552999,0.29850746268656714,0.4148936170212766,0.48148148148148145,0.5041322314049587,0.5149253731343284
scene,city street,134,0.5149253731343284,estimable,direct_spatial_fusion,0.7906223863210582,0.2981302560601729,0.7846153846153846,0.1993409358270644,0.04477611940298507,0.04477611940298507,0.30597014925373134,0.10557044304538674,134.0,1.0695512773034537,0.26865671641791045,0.40425531914893614,0.4351851851851852,0.4793388429752066,0.5149253731343284
scene,city street,134,0.5149253731343284,estimable,equal_fusion,0.7718697501139857,0.30102684477594743,0.7665551839464884,0.21893200367777294,0.05970149253731343,0.16417910447761194,0.208955223880597,0.16143006215073433,134.0,1.2113336445150316,0.26865671641791045,0.44680851063829785,0.4444444444444444,0.47107438016528924,0.5149253731343284
scene,city street,134,0.5149253731343284,estimable,learned_spatial_quality,0.70921004809615,0.3449670531364466,0.6947603121516164,0.26785654444901796,0.06716417910447761,0.08955223880597014,0.17164179104477612,0.17489201089491643,134.0,2.338504550569595,0.3582089552238806,0.4574468085106383,0.4722222222222222,0.4793388429752066,0.5149253731343284
scene,city street,134,0.5149253731343284,estimable,product_fusion,0.7569998449978547,0.30097078864703913,0.7645484949832776,0.23386902899479475,0.05970149253731343,0.16417910447761194,0.208955223880597,0.17815208069069166,134.0,1.7547280833018615,0.26865671641791045,0.425531914893617,0.4722222222222222,0.4793388429752066,0.5149253731343284
scene,city street,134,0.5149253731343284,estimable,spatial_agreement,0.6505414099512233,0.4053864688230661,0.6557413600891862,0.27099306222886044,0.0,0.0,0.0,0.18004824968743977,134.0,2.1766334367564037,0.40298507462686567,0.4574468085106383,0.49074074074074076,0.49586776859504134,0.5149253731343284
scene,residential,55,0.6545454545454545,estimable,capacity_control_product,0.9809955798228253,0.318419118170322,0.9619883040935673,0.0809624942788254,0.23636363636363636,0.2545454545454545,0.4,0.05210604865123427,55.0,0.243884801217216,0.32142857142857145,0.5128205128205128,0.5681818181818182,0.62,0.6545454545454545
scene,residential,55,0.6545454545454545,estimable,confidence,0.9697190975537254,0.3266388188068449,0.9444444444444444,0.12302176723998266,0.23636363636363636,0.2545454545454545,0.38181818181818183,0.1323576927624184,55.0,0.3658369360905403,0.39285714285714285,0.5128205128205128,0.5681818181818182,0.62,0.6545454545454545
scene,residential,55,0.6545454545454545,estimable,direct_spatial_fusion,0.9814253306537314,0.3146524640532597,0.9649122807017544,0.11916455025472711,0.2727272727272727,0.2909090909090909,0.36363636363636365,0.14436365279812816,55.0,0.36780463470804486,0.35714285714285715,0.5128205128205128,0.5681818181818182,0.62,0.6545454545454545
scene,residential,55,0.6545454545454545,estimable,equal_fusion,0.9807208239414517,0.3179906237398512,0.9619883040935673,0.10062577363584019,0.23636363636363636,0.2545454545454545,0.38181818181818183,0.1361921080629055,55.0,0.3050815946834041,0.32142857142857145,0.5128205128205128,0.5681818181818182,0.62,0.6545454545454545
scene,residential,55,0.6545454545454545,estimable,learned_spatial_quality,0.9586827246754065,0.33779506330124215,0.9239766081871345,0.1598088479659559,0.21818181818181817,0.2727272727272727,0.3090909090909091,0.2074577593030519,55.0,0.4441241932086579,0.42857142857142855,0.5128205128205128,0.5681818181818182,0.62,0.6545454545454545
scene,residential,55,0.6545454545454545,estimable,product_fusion,0.9782832935805342,0.3205339137831413,0.9576023391812866,0.11074348120706001,0.23636363636363636,0.2545454545454545,0.38181818181818183,0.14642408221511727,55.0,0.3259390023493798,0.35714285714285715,0.5128205128205128,0.5681818181818182,0.62,0.6545454545454545
scene,residential,55,0.6545454545454545,estimable,spatial_agreement,0.9691767014663104,0.35181614918020915,0.9312865497076024,0.14121951798307747,0.07272727272727272,0.18181818181818182,0.3090909090909091,0.14275610856921156,55.0,0.425074447279881,0.32142857142857145,0.5128205128205128,0.5681818181818182,0.62,0.6545454545454545
timeofday,dawn/dusk,41,0.6829268292682927,estimable,capacity_control_product,0.9836726699226699,0.35631635678748647,0.9615384615384616,0.08182297429483731,0.14634146341463414,0.2682926829268293,0.36585365853658536,0.05941218868042524,41.0,0.24621499064754493,0.38095238095238093,0.5517241379310345,0.6060606060606061,0.6486486486486487,0.6829268292682927
timeofday,dawn/dusk,41,0.6829268292682927,estimable,confidence,0.9749283619227901,0.3649716794992919,0.945054945054945,0.12657314185916865,0.17073170731707318,0.17073170731707318,0.36585365853658536,0.12156901739190312,41.0,0.376252411626726,0.42857142857142855,0.5517241379310345,0.6060606060606061,0.6486486486486487,0.6829268292682927
timeofday,dawn/dusk,41,0.6829268292682927,estimable,direct_spatial_fusion,0.9750222748852265,0.37034625072752164,0.9423076923076923,0.11787824242306841,0.12195121951219512,0.24390243902439024,0.2926829268292683,0.14889945887589687,41.0,0.3721333588487456,0.38095238095238093,0.5517241379310345,0.6060606060606061,0.6486486486486487,0.6829268292682927
timeofday,dawn/dusk,41,0.6829268292682927,estimable,equal_fusion,0.9837615799607385,0.35057422058963783,0.9642857142857143,0.10778964807844803,0.21951219512195122,0.24390243902439024,0.36585365853658536,0.15924497134499083,41.0,0.33484952159571596,0.38095238095238093,0.5517241379310345,0.6060606060606061,0.6486486486486487,0.6829268292682927
timeofday,dawn/dusk,41,0.6829268292682927,estimable,learned_spatial_quality,0.9712903756762185,0.36429007538851765,0.9395604395604396,0.17710006455668384,0.1951219512195122,0.2682926829268293,0.2926829268292683,0.21901870449574068,41.0,0.4812070669768093,0.42857142857142855,0.5517241379310345,0.6060606060606061,0.6486486486486487,0.6829268292682927
timeofday,dawn/dusk,41,0.6829268292682927,estimable,product_fusion,0.9802999680432442,0.3575525403728357,0.9560439560439561,0.1204299315721759,0.17073170731707318,0.24390243902439024,0.36585365853658536,0.15946143745088767,41.0,0.3614303041117652,0.38095238095238093,0.5517241379310345,0.6060606060606061,0.6486486486486487,0.6829268292682927
timeofday,dawn/dusk,41,0.6829268292682927,estimable,spatial_agreement,0.9403813166302063,0.44715549229267204,0.8598901098901099,0.180803753389599,0.024390243902439025,0.024390243902439025,0.17073170731707318,0.18456709239427288,41.0,0.5638731495171097,0.47619047619047616,0.5517241379310345,0.6060606060606061,0.6486486486486487,0.6829268292682927
timeofday,daytime,137,0.5328467153284672,estimable,capacity_control_product,0.794309034782886,0.31624886589634166,0.7675513698630136,0.20094163887713115,0.10218978102189781,0.145985401459854,0.19708029197080293,0.0717933017028435,137.0,1.0519422019300544,0.3333333333333333,0.4270833333333333,0.4636363636363636,0.4838709677419355,0.5328467153284672
timeofday,daytime,137,0.5328467153284672,estimable,confidence,0.708766646251743,0.31991709920964473,0.7459332191780821,0.21372107822299463,0.15328467153284672,0.16058394160583941,0.23357664233576642,0.09958304966001666,137.0,1.1031064197981133,0.34782608695652173,0.4375,0.5,0.5241935483870968,0.5328467153284672
timeofday,daytime,137,0.5328467153284672,estimable,direct_spatial_fusion,0.8037240545863898,0.30060315009950933,0.7919520547945205,0.1970961472258046,0.051094890510948905,0.1897810218978102,0.291970802919708,0.10202907769900163,137.0,1.0507349051985986,0.30434782608695654,0.4270833333333333,0.45454545454545453,0.5,0.5328467153284672
timeofday,daytime,137,0.5328467153284672,estimable,equal_fusion,0.7870245242922699,0.31117211997972655,0.7722602739726028,0.21178933641136066,0.06569343065693431,0.13138686131386862,0.25547445255474455,0.13275666688766424,137.0,1.1776028538426522,0.2898550724637681,0.4479166666666667,0.4636363636363636,0.49193548387096775,0.5328467153284672
timeofday,daytime,137,0.5328467153284672,estimable,learned_spatial_quality,0.7280894324154696,0.3428943426866719,0.7093321917808219,0.25939557668119095,0.08759124087591241,0.11678832116788321,0.23357664233576642,0.19266290166550934,137.0,2.2815324981457303,0.37681159420289856,0.4583333333333333,0.4909090909090909,0.5,0.5328467153284672
timeofday,daytime,137,0.5328467153284672,estimable,product_fusion,0.7762499363786346,0.3110051611082026,0.769263698630137,0.22656825852318163,0.06569343065693431,0.15328467153284672,0.22627737226277372,0.1592983439741727,137.0,1.70933996490155,0.2898550724637681,0.4479166666666667,0.4727272727272727,0.49193548387096775,0.5328467153284672
timeofday,daytime,137,0.5328467153284672,estimable,spatial_agreement,0.6937348145856561,0.3893126019633265,0.6834332191780821,0.25523316076775715,0.0,0.0,0.18248175182481752,0.17845261114367086,137.0,2.0938794657958084,0.4057971014492754,0.4791666666666667,0.5,0.5080645161290323,0.5328467153284672
timeofday,night,11,0.36363636363636365,not_estimable_minimum_rows,not_estimable,,,,,,,,,,,,,,,
weather,clear,97,0.5360824742268041,estimable,capacity_control_product,0.8694241647719546,0.27872172506071835,0.8427350427350427,0.16507758736224387,0.14432989690721648,0.15463917525773196,0.27835051546391754,0.07046672367331372,97.0,0.8812329441747038,0.2653061224489796,0.39705882352941174,0.4358974358974359,0.48863636363636365,0.5360824742268041
weather,clear,97,0.5360824742268041,estimable,confidence,0.7810206309186477,0.2916034117851031,0.8034188034188035,0.19501489858702073,0.1134020618556701,0.17525773195876287,0.41237113402061853,0.10961375875323912,97.0,0.9721614744522116,0.2653061224489796,0.4264705882352941,0.48717948717948717,0.5227272727272727,0.5360824742268041
weather,clear,97,0.5360824742268041,estimable,direct_spatial_fusion,0.7957312153641988,0.2962740819305044,0.8004273504273505,0.18542783807061938,0.08247422680412371,0.20618556701030927,0.422680412371134,0.09530717290621014,97.0,1.0925412407053428,0.2857142857142857,0.45588235294117646,0.47435897435897434,0.5,0.5360824742268041
weather,clear,97,0.5360824742268041,estimable,equal_fusion,0.7957522087418883,0.28752156570577125,0.802991452991453,0.18812088855540024,0.1134020618556701,0.21649484536082475,0.44329896907216493,0.16030465833997123,97.0,1.088928805103494,0.2857142857142857,0.45588235294117646,0.47435897435897434,0.5,0.5360824742268041
weather,clear,97,0.5360824742268041,estimable,learned_spatial_quality,0.7544303033860372,0.3088335558150691,0.767094017094017,0.22697425190622308,0.1134020618556701,0.14432989690721648,0.28865979381443296,0.17786257463277738,97.0,1.5960054814669997,0.30612244897959184,0.4411764705882353,0.47435897435897434,0.5113636363636364,0.5360824742268041
weather,clear,97,0.5360824742268041,estimable,product_fusion,0.8096411625986062,0.2880195994213784,0.8072649572649573,0.20867698862272033,0.1134020618556701,0.18556701030927836,0.422680412371134,0.1541147635253255,97.0,1.6960930018726847,0.2857142857142857,0.4411764705882353,0.47435897435897434,0.48863636363636365,0.5360824742268041
weather,clear,97,0.5360824742268041,estimable,spatial_agreement,0.67972045558239,0.3626427282001834,0.7175213675213675,0.22822312400537376,0.010309278350515464,0.010309278350515464,0.31958762886597936,0.1586092775854524,97.0,1.5084958437841032,0.3469387755102041,0.4411764705882353,0.5,0.5340909090909091,0.5360824742268041
weather,rainy,28,0.5357142857142857,estimable,capacity_control_product,0.8748007401954769,0.28455941904044657,0.8461538461538461,0.17156762708876702,0.10714285714285714,0.10714285714285714,0.42857142857142855,0.13263906172156564,28.0,0.4811809446247998,0.2857142857142857,0.4,0.43478260869565216,0.5,0.5357142857142857
weather,rainy,28,0.5357142857142857,estimable,confidence,0.8007516678168852,0.31002997133512444,0.8051282051282052,0.2058657759462422,0.10714285714285714,0.10714285714285714,0.42857142857142855,0.10917947299441103,28.0,1.07320991223741,0.2857142857142857,0.4,0.4782608695652174,0.5384615384615384,0.5357142857142857
weather,rainy,28,0.5357142857142857,estimable,direct_spatial_fusion,0.8303256003256003,0.28996432269804717,0.8256410256410257,0.1801853768248369,0.14285714285714285,0.14285714285714285,0.35714285714285715,0.1596679405511987,28.0,0.989896892675512,0.21428571428571427,0.4,0.4782608695652174,0.5,0.5357142857142857
weather,rainy,28,0.5357142857142857,estimable,equal_fusion,0.8074725274725274,0.3151260719456545,0.7846153846153846,0.22251830060685515,0.10714285714285714,0.10714285714285714,0.35714285714285715,0.1357826346605526,28.0,1.0971848215956268,0.2857142857142857,0.45,0.4782608695652174,0.5,0.5357142857142857
weather,rainy,28,0.5357142857142857,estimable,learned_spatial_quality,0.7765684075126799,0.3309759425956689,0.7435897435897435,0.2745258528003828,0.14285714285714285,0.14285714285714285,0.21428571428571427,0.22243124853903953,28.0,2.6689664559056987,0.35714285714285715,0.45,0.4782608695652174,0.5,0.5357142857142857
weather,rainy,28,0.5357142857142857,estimable,product_fusion,0.832102157102157,0.3029114053772727,0.8102564102564103,0.20880556752203594,0.10714285714285714,0.10714285714285714,0.35714285714285715,0.1990097048595327,28.0,1.0659532457295489,0.2857142857142857,0.4,0.4782608695652174,0.5,0.5357142857142857
weather,rainy,28,0.5357142857142857,estimable,spatial_agreement,0.7612220381957224,0.35515305516563866,0.717948717948718,0.24667001237872008,0.07142857142857142,0.07142857142857142,0.2857142857142857,0.24959445468146668,28.0,2.616655830171027,0.42857142857142855,0.45,0.4782608695652174,0.5,0.5357142857142857
weather,snowy,64,0.59375,estimable,capacity_control_product,0.8446637736534709,0.3497680334099673,0.7945344129554656,0.1777824773534579,0.15625,0.171875,0.234375,0.0647605457760007,64.0,0.9223082665731335,0.40625,0.4888888888888889,0.5384615384615384,0.5517241379310345,0.59375
weather,snowy,64,0.59375,estimable,confidence,0.8173683486750203,0.34024570840039386,0.7975708502024291,0.18105337830293386,0.1875,0.203125,0.3125,0.13172807397173422,64.0,0.7367541469168419,0.40625,0.4888888888888889,0.5576923076923077,0.5689655172413793,0.59375
weather,snowy,64,0.59375,estimable,direct_spatial_fusion,0.8913590175351882,0.3161026846344191,0.8522267206477734,0.15990695032642352,0.15625,0.234375,0.3125,0.10899120920113808,64.0,0.46649238631675993,0.34375,0.4666666666666667,0.5,0.5517241379310345,0.59375
weather,snowy,64,0.59375,estimable,equal_fusion,0.8903992344410362,0.3229354657239213,0.8491902834008097,0.16239167868635962,0.15625,0.171875,0.25,0.08075353225992464,64.0,0.6679832339513275,0.28125,0.4888888888888889,0.5,0.5517241379310345,0.59375
weather,snowy,64,0.59375,estimable,learned_spatial_quality,0.8092258676462549,0.3864095715375504,0.7368421052631579,0.2340474575153378,0.09375,0.15625,0.234375,0.17845485377031828,64.0,1.6912944989866157,0.4375,0.5111111111111111,0.5192307692307693,0.5517241379310345,0.59375
weather,snowy,64,0.59375,estimable,product_fusion,0.8783239414163634,0.31989304079931236,0.847165991902834,0.1772049619479676,0.171875,0.1875,0.265625,0.1387184522951087,64.0,0.9170702535873063,0.28125,0.4888888888888889,0.5192307692307693,0.5517241379310345,0.59375
weather,snowy,64,0.59375,estimable,spatial_agreement,0.7998802299506358,0.44395247491011985,0.7206477732793523,0.23493344457204915,0.0,0.0,0.171875,0.14189228344106902,64.0,1.4915236724047616,0.4375,0.5111111111111111,0.5384615384615384,0.5517241379310345,0.59375
