attribute,value,rows,error_prevalence,method,auprc,aurc,auroc,n,risk_at_0.50,risk_at_0.80,risk_at_0.90,risk_at_1.00
category_name,bicycle,1107,0.9087624209575429,confidence,0.9750466005710225,0.7495255592371234,0.8624293840914907,1107.0,0.8393501805054152,0.8905191873589164,0.9027081243731193,0.9087624209575429
category_name,bicycle,1107,0.9087624209575429,deterministic_fixed,0.9063178741204456,0.9210902401492732,0.4664193059464992,1107.0,0.9151624548736462,0.9119638826185101,0.905717151454363,0.9087624209575429
category_name,bicycle,1107,0.9087624209575429,equal_fixed_fusion,0.9206975485873918,0.8865124241563497,0.5625553609038837,1107.0,0.8880866425992779,0.9063205417607223,0.9097291875626881,0.9087624209575429
category_name,bicycle,1107,0.9087624209575429,learned_deterministic,0.9013376442996732,0.9206018002332736,0.46936204554849126,1107.0,0.9133574007220217,0.909706546275395,0.9107321965897693,0.9087624209575429
category_name,bicycle,1107,0.9087624209575429,learned_fusion,0.971970459875277,0.7815159739432219,0.8152176052595319,1107.0,0.8411552346570397,0.8905191873589164,0.8996990972918756,0.9087624209575429
category_name,bicycle,1107,0.9087624209575429,learned_fusion_plus_confidence,0.9709265260721263,0.7696821094870564,0.8239277208038895,1107.0,0.8429602888086642,0.8905191873589164,0.9007021063189569,0.9087624209575429
category_name,bicycle,1107,0.9087624209575429,learned_stochastic,0.9771350090024362,0.7647281967441938,0.8401767612148888,1107.0,0.8483754512635379,0.8871331828442438,0.8986960882647944,0.9087624209575429
category_name,bicycle,1107,0.9087624209575429,nonlinear_fusion,0.9739839482693269,0.7648137572935751,0.8549691947325946,1107.0,0.8339350180505415,0.8927765237020316,0.9027081243731193,0.9087624209575429
category_name,bicycle,1107,0.9087624209575429,stochastic_fixed,0.9336367212175642,0.8490815524154346,0.62701021593213,1107.0,0.8898916967509025,0.9018058690744921,0.9027081243731193,0.9087624209575429
category_name,bus,2396,0.9169449081803005,confidence,0.9911826466802667,0.7566734451976296,0.9230334650036711,2396.0,0.8380634390651085,0.8972352634324465,0.9082058414464534,0.9169449081803005
category_name,bus,2396,0.9169449081803005,deterministic_fixed,0.8848285461959067,0.9360633172425119,0.3940103338723659,2396.0,0.9365609348914858,0.9347939488784559,0.9272137227630969,0.9169449081803005
category_name,bus,2396,0.9169449081803005,equal_fixed_fusion,0.9197167030897571,0.9081955024400244,0.5356367637001576,2396.0,0.9098497495826378,0.9149713093375065,0.9174779786740844,0.9169449081803005
category_name,bus,2396,0.9169449081803005,learned_deterministic,0.9230586362246502,0.9258951129121509,0.49246002429077573,2396.0,0.9207011686143572,0.9113197704747,0.914696337505795,0.9169449081803005
category_name,bus,2396,0.9169449081803005,learned_fusion,0.9787144122760524,0.7942526140238326,0.8430088540106082,2396.0,0.8505843071786311,0.8998435054773083,0.9091330551692165,0.9169449081803005
category_name,bus,2396,0.9169449081803005,learned_fusion_plus_confidence,0.9839529187893439,0.7729362228761022,0.881087275247425,2396.0,0.8480801335559266,0.8982785602503912,0.9091330551692165,0.9169449081803005
category_name,bus,2396,0.9169449081803005,learned_stochastic,0.979049427055293,0.779024985820746,0.8530362325967571,2396.0,0.8522537562604341,0.8993218570683359,0.9091330551692165,0.9169449081803005
category_name,bus,2396,0.9169449081803005,nonlinear_fusion,0.9780558032812063,0.8030193376782127,0.8385280979316245,2396.0,0.8514190317195326,0.8988002086593636,0.9086694483078349,0.9169449081803005
category_name,bus,2396,0.9169449081803005,stochastic_fixed,0.9416478911054279,0.86408165597786,0.6488290336525595,2396.0,0.8889816360601002,0.9134063641105895,0.9142327306444136,0.9169449081803005
category_name,car,15712,0.28678716904276985,confidence,0.551765289278847,0.11397065949661678,0.7976584099618815,15712.0,0.09826883910386966,0.21073985680190932,0.24998232091082667,0.28678716904276985
category_name,car,15712,0.28678716904276985,deterministic_fixed,0.4508183868985973,0.2211914451007732,0.6321928011743756,15712.0,0.21677698574338086,0.23858392999204456,0.2567003747966905,0.28678716904276985
category_name,car,15712,0.28678716904276985,equal_fixed_fusion,0.49501274999777045,0.16628802877755677,0.7045694779895273,15712.0,0.16662423625254583,0.2299920445505171,0.2530231242486387,0.28678716904276985
category_name,car,15712,0.28678716904276985,learned_deterministic,0.4964922923888064,0.22593234346427266,0.6422365317102728,15712.0,0.21563136456211812,0.22720763723150358,0.24340569973834947,0.28678716904276985
category_name,car,15712,0.28678716904276985,learned_fusion,0.598033860422729,0.11681270599647353,0.8062252491551709,15712.0,0.09432281059063137,0.20238663484486874,0.24326426702496287,0.28678716904276985
category_name,car,15712,0.28678716904276985,learned_fusion_plus_confidence,0.6321604213176595,0.1082749344271932,0.8187965058031573,15712.0,0.09241344195519348,0.19856801909307875,0.23711194399264549,0.28678716904276985
category_name,car,15712,0.28678716904276985,learned_stochastic,0.514084731685682,0.13056386581614768,0.7674194337745798,15712.0,0.11328920570264765,0.22195704057279236,0.2544374513825048,0.28678716904276985
category_name,car,15712,0.28678716904276985,nonlinear_fusion,0.6253301194231772,0.10864177125149828,0.8154115451910194,15712.0,0.0889765784114053,0.19976133651551312,0.2373948094194187,0.28678716904276985
category_name,car,15712,0.28678716904276985,stochastic_fixed,0.42027059508100084,0.14827409676492637,0.708763669580029,15712.0,0.1414205702647658,0.2515513126491647,0.26985361714164485,0.28678716904276985
category_name,motorcycle,1964,0.9663951120162932,confidence,0.9926271728004117,0.8889017894022216,0.8691046396525848,1964.0,0.9389002036659878,0.9592875318066157,0.9638009049773756,0.9663951120162932
category_name,motorcycle,1964,0.9663951120162932,deterministic_fixed,0.9529522436914118,0.9802782484998444,0.35603665740652035,1964.0,0.9837067209775967,0.9701017811704835,0.9688914027149321,0.9663951120162932
category_name,motorcycle,1964,0.9663951120162932,equal_fixed_fusion,0.9669278407983732,0.9710729617483452,0.4836909665676789,1964.0,0.9663951120162932,0.9662849872773537,0.9660633484162896,0.9663951120162932
category_name,motorcycle,1964,0.9663951120162932,learned_deterministic,0.9537593258738845,0.9804572302981693,0.35685091164543226,1964.0,0.9826883910386965,0.9707379134860051,0.9688914027149321,0.9663951120162932
category_name,motorcycle,1964,0.9663951120162932,learned_fusion,0.9859373968328919,0.9071325391949637,0.7833285436025162,1964.0,0.9480651731160896,0.960559796437659,0.9632352941176471,0.9663951120162932
category_name,motorcycle,1964,0.9663951120162932,learned_fusion_plus_confidence,0.9885489049234599,0.897387202172754,0.8139109748698791,1964.0,0.945010183299389,0.960559796437659,0.9638009049773756,0.9663951120162932
category_name,motorcycle,1964,0.9663951120162932,learned_stochastic,0.9879787359875791,0.898024317583726,0.8230034805377271,1964.0,0.9429735234215886,0.9599236641221374,0.9632352941176471,0.9663951120162932
category_name,motorcycle,1964,0.9663951120162932,nonlinear_fusion,0.9871295558444981,0.9157927663842003,0.7801353897244309,1964.0,0.945010183299389,0.960559796437659,0.9638009049773756,0.9663951120162932
category_name,motorcycle,1964,0.9663951120162932,stochastic_fixed,0.9769054263586255,0.9436808721627001,0.6463981224255196,1964.0,0.9541751527494908,0.9618320610687023,0.9643665158371041,0.9663951120162932
category_name,person,5483,0.682473098668612,confidence,0.8764332767421945,0.4436465278287241,0.8122343173765914,5483.0,0.4886943836615609,0.6245726008661956,0.6555217831813577,0.682473098668612
category_name,person,5483,0.682473098668612,deterministic_fixed,0.7287697008045126,0.6477437450259028,0.5531859504373258,5483.0,0.6560904449307076,0.6674264873489857,0.6721377912867275,0.682473098668612
category_name,person,5483,0.682473098668612,equal_fixed_fusion,0.7676206987843767,0.5611321462521266,0.6369946101367006,5483.0,0.6064916119620715,0.6592204239799407,0.6695035460992907,0.682473098668612
category_name,person,5483,0.682473098668612,learned_deterministic,0.7394372287627293,0.6522310392371875,0.5609335143769085,5483.0,0.6415025528811087,0.6601322087987235,0.6684903748733536,0.682473098668612
category_name,person,5483,0.682473098668612,learned_fusion,0.8517391495001858,0.4515680843175191,0.7806607763036351,5483.0,0.5193289569657185,0.6357419648962844,0.6613981762917933,0.682473098668612
category_name,person,5483,0.682473098668612,learned_fusion_plus_confidence,0.8681257464485629,0.44941701268558054,0.7950963203599423,5483.0,0.5036469730123997,0.6289035787554137,0.6583586626139818,0.682473098668612
category_name,person,5483,0.682473098668612,learned_stochastic,0.8436608164195817,0.4561373931732733,0.7753275530781961,5483.0,0.5182348650619986,0.6396170503761113,0.6630192502532928,0.682473098668612
category_name,person,5483,0.682473098668612,nonlinear_fusion,0.867910858235868,0.4395211924838433,0.8016905143379206,5483.0,0.4959883296863603,0.6295874173695007,0.6589665653495441,0.682473098668612
category_name,person,5483,0.682473098668612,stochastic_fixed,0.773788622188791,0.5116726731770458,0.6689663969330245,5483.0,0.600291757840992,0.6587645315705494,0.6717325227963525,0.682473098668612
category_name,rider,1417,0.9611856033874383,confidence,0.9714669157171191,0.9617737932996268,0.5419837137898812,1417.0,0.9562764456981664,0.955026455026455,0.9584639498432602,0.9611856033874383
category_name,rider,1417,0.9611856033874383,deterministic_fixed,0.9141708586498617,0.9899777107339589,0.17021759444666937,1417.0,0.9929478138222849,0.9841269841269841,0.9772727272727273,0.9611856033874383
category_name,rider,1417,0.9611856033874383,equal_fixed_fusion,0.9310074225469845,0.9851979404565101,0.24377252703243893,1417.0,0.9858956276445698,0.9788359788359788,0.9686520376175548,0.9611856033874383
category_name,rider,1417,0.9611856033874383,learned_deterministic,0.9202170524380585,0.9907852327221445,0.1664397276732079,1417.0,0.9943582510578279,0.9867724867724867,0.9717868338557993,0.9611856033874383
category_name,rider,1417,0.9611856033874383,learned_fusion,0.9413311092749503,0.9817392423774249,0.316045921772794,1417.0,0.9830747531734838,0.9691358024691358,0.963166144200627,0.9611856033874383
category_name,rider,1417,0.9611856033874383,learned_fusion_plus_confidence,0.9402848865926627,0.9812534022446607,0.3077693231878254,1417.0,0.9844851904090268,0.9708994708994709,0.9647335423197492,0.9611856033874383
category_name,rider,1417,0.9611856033874383,learned_stochastic,0.9582329021562926,0.9653359098752204,0.4868775864370578,1417.0,0.9576868829337094,0.9603174603174603,0.9615987460815048,0.9611856033874383
category_name,rider,1417,0.9611856033874383,nonlinear_fusion,0.9620270533170544,0.9719297404000914,0.4505940461887598,1417.0,0.9661495063469676,0.9611992945326279,0.9592476489028213,0.9611856033874383
category_name,rider,1417,0.9611856033874383,stochastic_fixed,0.961147902232909,0.9694483129694307,0.4569750367107195,1417.0,0.9675599435825106,0.9603174603174603,0.9600313479623824,0.9611856033874383
category_name,traffic light,10307,0.6867177646259823,confidence,0.8884971801517783,0.45745665639589456,0.8146423286213673,10307.0,0.4819557625145518,0.6258792141644434,0.6598038158887571,0.6867177646259823
category_name,traffic light,10307,0.6867177646259823,deterministic_fixed,0.7115023014082257,0.704652055558013,0.5032274970638633,10307.0,0.6862630966239813,0.6713558088770313,0.6767273903201466,0.6867177646259823
category_name,traffic light,10307,0.6867177646259823,equal_fixed_fusion,0.7281838716576496,0.6390558921754211,0.5558169854624369,10307.0,0.6655025223127667,0.6701430996846957,0.6762962164492832,0.6867177646259823
category_name,traffic light,10307,0.6867177646259823,learned_deterministic,0.6850497388999585,0.7329924126720974,0.44747944660527816,10307.0,0.7349631354287932,0.6828765462042202,0.6757572491107039,0.6867177646259823
category_name,traffic light,10307,0.6867177646259823,learned_fusion,0.8330472490040455,0.5259369574605659,0.7195266810186822,10307.0,0.5508343034536283,0.6388552025224351,0.662929826452517,0.6867177646259823
category_name,traffic light,10307,0.6867177646259823,learned_fusion_plus_confidence,0.8776912002789421,0.4705377937882218,0.7979505192374384,10307.0,0.4920450135816841,0.6283046325491147,0.6593726420178937,0.6867177646259823
category_name,traffic light,10307,0.6867177646259823,learned_stochastic,0.846536246736852,0.4965187718106302,0.7517628415345495,10307.0,0.53337213814513,0.6387339316032016,0.6631454133879487,0.6867177646259823
category_name,traffic light,10307,0.6867177646259823,nonlinear_fusion,0.8523388882350855,0.48142451165390887,0.7617767282952748,10307.0,0.5242530073729142,0.6358234295415959,0.6634687937910962,0.6867177646259823
category_name,traffic light,10307,0.6867177646259823,stochastic_fixed,0.7146342981467738,0.5879741333452002,0.569743912695688,10307.0,0.6717112922002328,0.6868784865389279,0.6856742481405627,0.6867177646259823
category_name,traffic sign,6419,0.44975852936594485,confidence,0.6949411032921388,0.23124272207860827,0.7803863415529686,6419.0,0.23862928348909657,0.37772585669781933,0.41761855313257185,0.44975852936594485
category_name,traffic sign,6419,0.44975852936594485,deterministic_fixed,0.6028755233101658,0.3825318543240575,0.6263645835335578,6419.0,0.35202492211838005,0.3925233644859813,0.416926272066459,0.44975852936594485
category_name,traffic sign,6419,0.44975852936594485,equal_fixed_fusion,0.6188238343414598,0.34046960547929644,0.6551331269434859,6419.0,0.3470404984423676,0.3927180685358255,0.416926272066459,0.44975852936594485
category_name,traffic sign,6419,0.44975852936594485,learned_deterministic,0.5928090645222309,0.3988760620795617,0.6035244688475421,6419.0,0.38006230529595014,0.39369158878504673,0.41519556940117686,0.44975852936594485
category_name,traffic sign,6419,0.44975852936594485,learned_fusion,0.6442981250009441,0.300803036784637,0.6945662027733178,6419.0,0.31401869158878504,0.38492990654205606,0.4170993423329872,0.44975852936594485
category_name,traffic sign,6419,0.44975852936594485,learned_fusion_plus_confidence,0.7471638052304748,0.2201793426033035,0.8066735877352337,6419.0,0.21713395638629285,0.36507009345794394,0.4061959155417099,0.44975852936594485
category_name,traffic sign,6419,0.44975852936594485,learned_stochastic,0.6279024143971877,0.28843151794645194,0.696709896866533,6419.0,0.31401869158878504,0.39330218068535827,0.4205607476635514,0.44975852936594485
category_name,traffic sign,6419,0.44975852936594485,nonlinear_fusion,0.6850901070187146,0.27043220301257537,0.7382864216166429,6419.0,0.2738317757009346,0.37792056074766356,0.41208030460366907,0.44975852936594485
category_name,traffic sign,6419,0.44975852936594485,stochastic_fixed,0.5229941008961263,0.342045335993054,0.6067227007780024,6419.0,0.38317757009345793,0.4295171339563863,0.43769470404984423,0.44975852936594485
category_name,train,349,0.997134670487106,confidence,0.9999585935021646,0.9881077758328037,0.985632183908046,349.0,0.9942857142857143,0.9964285714285714,0.9968253968253968,0.997134670487106
category_name,train,349,0.997134670487106,deterministic_fixed,0.9987913790741382,0.9969488501996233,0.6551724137931034,349.0,0.9942857142857143,0.9964285714285714,0.9968253968253968,0.997134670487106
category_name,train,349,0.997134670487106,equal_fixed_fusion,0.9998043863126252,0.9922652491214957,0.9339080459770115,349.0,0.9942857142857143,0.9964285714285714,0.9968253968253968,0.997134670487106
category_name,train,349,0.997134670487106,learned_deterministic,0.9986502384611814,0.9971991557546342,0.6235632183908046,349.0,0.9942857142857143,0.9964285714285714,0.9968253968253968,0.997134670487106
category_name,train,349,0.997134670487106,learned_fusion,0.9997600403563411,0.9928179125251619,0.9195402298850575,349.0,0.9942857142857143,0.9964285714285714,0.9968253968253968,0.997134670487106
category_name,train,349,0.997134670487106,learned_fusion_plus_confidence,0.9998653429229801,0.9912521760044245,0.9540229885057471,349.0,0.9942857142857143,0.9964285714285714,0.9968253968253968,0.997134670487106
category_name,train,349,0.997134670487106,learned_stochastic,0.9997867299685462,0.9924992510317154,0.9281609195402298,349.0,0.9942857142857143,0.9964285714285714,0.9968253968253968,0.997134670487106
category_name,train,349,0.997134670487106,nonlinear_fusion,0.9987152538660843,0.9970880831207917,0.6379310344827587,349.0,0.9942857142857143,0.9964285714285714,0.9968253968253968,0.997134670487106
category_name,train,349,0.997134670487106,stochastic_fixed,0.9998043863126252,0.9922652491214957,0.9339080459770115,349.0,0.9942857142857143,0.9964285714285714,0.9968253968253968,0.997134670487106
category_name,truck,2651,0.8125235760090532,confidence,0.9392348528230644,0.6051029339186781,0.827606306361848,2651.0,0.6764705882352942,0.776049033474776,0.7967309304274938,0.8125235760090532
category_name,truck,2651,0.8125235760090532,deterministic_fixed,0.8110991766577256,0.8277357825650755,0.4686858383354911,2651.0,0.8340874811463047,0.8203677510608204,0.8105616093880972,0.8125235760090532
category_name,truck,2651,0.8125235760090532,equal_fixed_fusion,0.8396985742562801,0.7820690356023613,0.550953352426537,2651.0,0.7933634992458521,0.8052805280528053,0.8063704945515507,0.8125235760090532
category_name,truck,2651,0.8125235760090532,learned_deterministic,0.8381410640855953,0.8227184407188075,0.5099585442086129,2651.0,0.8159879336349924,0.7972654408297972,0.8034367141659682,0.8125235760090532
category_name,truck,2651,0.8125235760090532,learned_fusion,0.9216402246579435,0.6385578827482333,0.773132761284513,2651.0,0.7073906485671192,0.7793493635077794,0.7971500419111484,0.8125235760090532
category_name,truck,2651,0.8125235760090532,learned_fusion_plus_confidence,0.9314050261696698,0.6324489999012476,0.7938597228683149,2651.0,0.6855203619909502,0.7746346063177746,0.7963118189438391,0.8125235760090532
category_name,truck,2651,0.8125235760090532,learned_stochastic,0.9200517612119198,0.6295657654199478,0.7767365567593116,2651.0,0.7043740573152338,0.7812352663837813,0.797569153394803,0.8125235760090532
category_name,truck,2651,0.8125235760090532,nonlinear_fusion,0.91902905594822,0.6617313828919043,0.7608735047237931,2651.0,0.7051282051282052,0.7774634606317775,0.797569153394803,0.8125235760090532
category_name,truck,2651,0.8125235760090532,stochastic_fixed,0.8571546527689384,0.7391452871518958,0.6052316685629096,2651.0,0.777526395173454,0.7963224893917963,0.8038558256496228,0.8125235760090532
object_size,large,7530,0.48725099601593624,confidence,0.8685554096653664,0.2137304497796529,0.8852582968145791,7530.0,0.1752988047808765,0.37765604249667994,0.4375092223697801,0.48725099601593624
object_size,large,7530,0.48725099601593624,deterministic_fixed,0.654608492473731,0.3521597737240547,0.6736561087882973,7530.0,0.3612217795484728,0.4387450199203187,0.4553637302641287,0.48725099601593624
object_size,large,7530,0.48725099601593624,equal_fixed_fusion,0.7183388713148959,0.2714089314770912,0.7647249129941962,7530.0,0.2950863213811421,0.42280876494023906,0.4530028036004132,0.48725099601593624
object_size,large,7530,0.48725099601593624,learned_deterministic,0.7805528538180094,0.3039257834624613,0.7810389644676916,7530.0,0.2685258964143426,0.39591633466135456,0.44149328611480004,0.48725099601593624
object_size,large,7530,0.48725099601593624,learned_fusion,0.8383134418715471,0.22663471578883115,0.85877610271178,7530.0,0.19575033200531208,0.38595617529880477,0.44016526486646007,0.48725099601593624
object_size,large,7530,0.48725099601593624,learned_fusion_plus_confidence,0.8848331666213494,0.20287991507485784,0.8990636671203583,7530.0,0.15564409030544488,0.37765604249667994,0.4355909694555113,0.48725099601593624
object_size,large,7530,0.48725099601593624,learned_stochastic,0.7863913437102346,0.2480235044916137,0.821145885196035,7530.0,0.22363877822045153,0.40039840637450197,0.44665781319167774,0.48725099601593624
object_size,large,7530,0.48725099601593624,nonlinear_fusion,0.8692697925678041,0.20147636885731088,0.8870238611312473,7530.0,0.1851261620185923,0.37749003984063745,0.43573852737199353,0.48725099601593624
object_size,large,7530,0.48725099601593624,stochastic_fixed,0.6468975239027681,0.2821321963907231,0.7276657808137775,7530.0,0.3399734395750332,0.4394090305444887,0.46687324774974176,0.48725099601593624
object_size,medium,16911,0.5081899355449115,confidence,0.7484067772975413,0.2979892027063071,0.7720089602290259,16911.0,0.2975402081362346,0.43513933032744473,0.47325886990801574,0.5081899355449115
object_size,medium,16911,0.5081899355449115,deterministic_fixed,0.7001590335097784,0.3731533487565783,0.6959948597225893,16911.0,0.35726111636707664,0.44585704782319463,0.47391590013140605,0.5081899355449115
object_size,medium,16911,0.5081899355449115,equal_fixed_fusion,0.7398515227181821,0.3023917473026306,0.7607045135437764,16911.0,0.3161069063386944,0.439056840860374,0.4727989487516426,0.5081899355449115
object_size,medium,16911,0.5081899355449115,learned_deterministic,0.7228858511324833,0.3848214352385152,0.7050046576279034,16911.0,0.3468543046357616,0.4334392785867396,0.47049934296977663,0.5081899355449115
object_size,medium,16911,0.5081899355449115,learned_fusion,0.7887836313519969,0.299429864021625,0.7907521315667467,16911.0,0.27980132450331124,0.4236085446078794,0.46616294349540077,0.5081899355449115
object_size,medium,16911,0.5081899355449115,learned_fusion_plus_confidence,0.8229046890251708,0.26568902097307734,0.8270561522366477,16911.0,0.2556764427625355,0.41340823416364847,0.4626806833114323,0.5081899355449115
object_size,medium,16911,0.5081899355449115,learned_stochastic,0.7578243377134544,0.3168136514197481,0.7599334397536929,16911.0,0.31043046357615894,0.4295217680538103,0.46852825229960576,0.5081899355449115
object_size,medium,16911,0.5081899355449115,nonlinear_fusion,0.8135960759838721,0.2560610204160966,0.8246548806990536,16911.0,0.2716414380321665,0.41658659176583634,0.46314060446780553,0.5081899355449115
object_size,medium,16911,0.5081899355449115,stochastic_fixed,0.674625797499556,0.3118300395894743,0.7237227437268785,16911.0,0.35146641438032167,0.4607879370241703,0.48475689881734557,0.5081899355449115
object_size,small,23364,0.6383752782057867,confidence,0.7879439147221079,0.45371080398032165,0.7244383776183554,23364.0,0.4934086629001883,0.591375989728226,0.6170344302834316,0.6383752782057867
object_size,small,23364,0.6383752782057867,deterministic_fixed,0.757272411202419,0.5409004248685091,0.6446113767259747,23364.0,0.5433145009416196,0.5937299379413653,0.6149895377591782,0.6383752782057867
object_size,small,23364,0.6383752782057867,equal_fixed_fusion,0.7701927207184877,0.49492812726538815,0.6735622506310367,23364.0,0.5315014552302688,0.5941579285255725,0.6135628685562108,0.6383752782057867
object_size,small,23364,0.6383752782057867,learned_deterministic,0.7380824239778037,0.5548483752248676,0.6183064112029159,23364.0,0.5636877247046739,0.6041087096083886,0.6151322046794749,0.6383752782057867
object_size,small,23364,0.6383752782057867,learned_fusion,0.8107203070479052,0.47278143309861936,0.7220667381465341,23364.0,0.4881013525081322,0.5812112133533063,0.6091401940270116,0.6383752782057867
object_size,small,23364,0.6383752782057867,learned_fusion_plus_confidence,0.8544420549330383,0.42151883746787966,0.7857248279565187,23364.0,0.4430748159561719,0.5693879734645838,0.6057161879398897,0.6383752782057867
object_size,small,23364,0.6383752782057867,learned_stochastic,0.7983165014678592,0.4707362971158069,0.713202192389612,23364.0,0.4997431946584489,0.586347100363792,0.611755754232452,0.6383752782057867
object_size,small,23364,0.6383752782057867,nonlinear_fusion,0.8481250941079707,0.41618225602932535,0.7814617784996741,23364.0,0.4523198082520116,0.573774876952707,0.6069526345824615,0.6383752782057867
object_size,small,23364,0.6383752782057867,stochastic_fixed,0.7123608968276502,0.5081450568614071,0.6268368190646909,23364.0,0.5718198938537922,0.6191418788786647,0.6284477839071714,0.6383752782057867
scene,city street,32349,0.567034529660886,confidence,0.7861069851332088,0.3459641223276402,0.7777097192534265,32349.0,0.3614219474497682,0.5003477588871715,0.5366649493388288,0.567034529660886
scene,city street,32349,0.567034529660886,deterministic_fixed,0.6839315335648842,0.48292521159536794,0.6216029066257373,32349.0,0.48228748068006183,0.5256182380216383,0.5434655675768504,0.567034529660886
scene,city street,32349,0.567034529660886,equal_fixed_fusion,0.7130063684231959,0.42468396380723045,0.6724899868265428,32349.0,0.44680061823802164,0.5190108191653787,0.5422634380903314,0.567034529660886
scene,city street,32349,0.567034529660886,learned_deterministic,0.6922679896553073,0.48746456453913556,0.6208217171340398,32349.0,0.48816074188562597,0.5202859350850078,0.5403743774686588,0.567034529660886
scene,city street,32349,0.567034529660886,learned_fusion,0.8029957782998103,0.3576264075371555,0.7739050068253317,32349.0,0.3651313755795981,0.49420401854714063,0.5309290743602953,0.567034529660886
scene,city street,32349,0.567034529660886,learned_fusion_plus_confidence,0.8473270135874,0.31768101403888127,0.8253165485911137,32349.0,0.3234003091190108,0.4825347758887172,0.5274257255710115,0.567034529660886
scene,city street,32349,0.567034529660886,learned_stochastic,0.7785250834807971,0.3674203812352618,0.7530228690161362,32349.0,0.38553323029366304,0.5011591962905718,0.5342950369225485,0.567034529660886
scene,city street,32349,0.567034529660886,nonlinear_fusion,0.8342660305627001,0.3168918925656179,0.8128114952082164,32349.0,0.3451004636785162,0.4866692426584235,0.5279065773656191,0.567034529660886
scene,city street,32349,0.567034529660886,stochastic_fixed,0.6689694523065886,0.4127679058337182,0.6564253282343019,32349.0,0.4701081916537867,0.5389489953632148,0.5516743946419371,0.567034529660886
scene,gas stations,47,0.5319148936170213,not_estimable,,,,,,,,
scene,highway,9482,0.5821556633621598,confidence,0.8042229161248848,0.35379964212086495,0.782343175017741,9482.0,0.38114321873022566,0.5164777221196942,0.5510897586126083,0.5821556633621598
scene,highway,9482,0.5821556633621598,deterministic_fixed,0.7062019720431951,0.4867336991765195,0.6329250844983869,9482.0,0.49230120227800045,0.5387556024255207,0.5573002109210218,0.5821556633621598
scene,highway,9482,0.5821556633621598,equal_fixed_fusion,0.7539630243886265,0.4112061585793517,0.7089177576469212,9482.0,0.44399915629614006,0.5249143158449776,0.5541363955940942,0.5821556633621598
scene,highway,9482,0.5821556633621598,learned_deterministic,0.7216270152359652,0.49051619092198867,0.6401608304252719,9482.0,0.4859734233284117,0.5303190087002373,0.5517928286852589,0.5821556633621598
scene,highway,9482,0.5821556633621598,learned_fusion,0.8193770550477862,0.3739219081470153,0.7782866580339312,9482.0,0.37755747732545875,0.5105457421566043,0.545816733067729,0.5821556633621598
scene,highway,9482,0.5821556633621598,learned_fusion_plus_confidence,0.8636693770413577,0.32143705803710565,0.8359738164738933,9482.0,0.33431765450326933,0.4967044555760612,0.5418326693227091,0.5821556633621598
scene,highway,9482,0.5821556633621598,learned_stochastic,0.7988203323018661,0.38043788167629955,0.7596418694993745,9482.0,0.39717359206918373,0.5160822567888215,0.5486290133583314,0.5821556633621598
scene,highway,9482,0.5821556633621598,nonlinear_fusion,0.8576751237972959,0.3180193394287799,0.8318231990138197,9482.0,0.34739506433241935,0.5009227524387029,0.5421842043590345,0.5821556633621598
scene,highway,9482,0.5821556633621598,stochastic_fixed,0.7147757936912368,0.39639531607793366,0.700733256699515,9482.0,0.4532798987555368,0.5438966517268653,0.5646824466838528,0.5821556633621598
scene,parking lot,352,0.5880681818181818,confidence,0.8091427973750064,0.36553261042046614,0.7754122938530735,352.0,0.4034090909090909,0.5319148936170213,0.555205047318612,0.5880681818181818
scene,parking lot,352,0.5880681818181818,deterministic_fixed,0.7330877804842558,0.5143289995600875,0.635415625520573,352.0,0.5,0.5390070921985816,0.5488958990536278,0.5880681818181818
scene,parking lot,352,0.5880681818181818,equal_fixed_fusion,0.7599341339586207,0.449652932148823,0.6780942861902381,352.0,0.4602272727272727,0.5354609929078015,0.5457413249211357,0.5880681818181818
scene,parking lot,352,0.5880681818181818,learned_deterministic,0.721082202572948,0.5253890070751546,0.6234216225220722,352.0,0.5113636363636364,0.5425531914893617,0.5583596214511041,0.5880681818181818
scene,parking lot,352,0.5880681818181818,learned_fusion,0.8504946425152949,0.37487918920710633,0.7828419123771446,352.0,0.3977272727272727,0.49645390070921985,0.5425867507886435,0.5880681818181818
scene,parking lot,352,0.5880681818181818,learned_fusion_plus_confidence,0.8848289981302836,0.3256632369411838,0.8416458437447942,352.0,0.3465909090909091,0.5,0.5425867507886435,0.5880681818181818
scene,parking lot,352,0.5880681818181818,learned_stochastic,0.8277920671098113,0.38287236814257475,0.7743461602532067,352.0,0.3977272727272727,0.5177304964539007,0.5457413249211357,0.5880681818181818
scene,parking lot,352,0.5880681818181818,nonlinear_fusion,0.8546292342049338,0.3395904521353876,0.8082292187239715,352.0,0.3806818181818182,0.5035460992907801,0.5457413249211357,0.5880681818181818
scene,parking lot,352,0.5880681818181818,stochastic_fixed,0.6895296845056551,0.4186777164764099,0.664167916041979,352.0,0.48863636363636365,0.5567375886524822,0.5772870662460567,0.5880681818181818
scene,residential,5413,0.5496028080546832,confidence,0.7317308105624871,0.35328662171474384,0.735006652373829,5413.0,0.37753971185814555,0.4927268529208035,0.5236042692939245,0.5496028080546832
scene,residential,5413,0.5496028080546832,deterministic_fixed,0.6564619182440634,0.4831270036707192,0.6020956700974073,5413.0,0.4772811230144071,0.5105056568921728,0.5268883415435139,0.5496028080546832
scene,residential,5413,0.5496028080546832,equal_fixed_fusion,0.7077080285489005,0.3942661284732691,0.6848953198999042,5413.0,0.4203915773919468,0.49942276610482567,0.5223727422003284,0.5496028080546832
scene,residential,5413,0.5496028080546832,learned_deterministic,0.6726767501305063,0.48533823289736594,0.610059216467555,5413.0,0.47210934613963795,0.5054259986146387,0.5211412151067324,0.5496028080546832
scene,residential,5413,0.5496028080546832,learned_fusion,0.8069174718836718,0.33839751620972874,0.7839453747044347,5413.0,0.3365349094939047,0.4707919649041792,0.5102627257799671,0.5496028080546832
scene,residential,5413,0.5496028080546832,learned_fusion_plus_confidence,0.8389222905553465,0.30536028632789824,0.81709846202632,5413.0,0.3165866272626524,0.45924728700069267,0.5063628899835796,0.5496028080546832
scene,residential,5413,0.5496028080546832,learned_stochastic,0.7892329751089071,0.340179296429169,0.7730703635022508,5413.0,0.347247875877355,0.47356268760101594,0.5133415435139573,0.5496028080546832
scene,residential,5413,0.5496028080546832,nonlinear_fusion,0.8405170852256454,0.28476066870699496,0.8334530990410931,5413.0,0.3125230882896195,0.4654814130685754,0.5082101806239737,0.5496028080546832
scene,residential,5413,0.5496028080546832,stochastic_fixed,0.6782724264034483,0.3646942164960993,0.6969943678866133,5413.0,0.41558921315108976,0.5144308473793581,0.5311986863711001,0.5496028080546832
scene,tunnel,97,0.7010309278350515,not_estimable,,,,,,,,
scene,undefined,65,0.6153846153846154,not_estimable,,,,,,,,
timeofday,dawn/dusk,3513,0.5428408767435241,confidence,0.7780398521639696,0.3183617845654351,0.7820489629542074,3513.0,0.3346613545816733,0.4695837780149413,0.5079063883617964,0.5428408767435241
timeofday,dawn/dusk,3513,0.5428408767435241,deterministic_fixed,0.6504272766894967,0.4677290047696967,0.604763468926502,3513.0,0.47410358565737054,0.5026680896478122,0.5205566097406704,0.5428408767435241
timeofday,dawn/dusk,3513,0.5428408767435241,equal_fixed_fusion,0.697697444828288,0.39241376729740335,0.6802435609516227,3513.0,0.41832669322709165,0.49235147634293847,0.5164452877925364,0.5428408767435241
timeofday,dawn/dusk,3513,0.5428408767435241,learned_deterministic,0.6668834485879602,0.4703680152053352,0.610916653007436,3513.0,0.4746727376209448,0.49982212735681253,0.5142314990512334,0.5428408767435241
timeofday,dawn/dusk,3513,0.5428408767435241,learned_fusion,0.7976369471057418,0.32650766575182416,0.7859080493247333,3513.0,0.32669322709163345,0.46744930629669157,0.5050600885515496,0.5428408767435241
timeofday,dawn/dusk,3513,0.5428408767435241,learned_fusion_plus_confidence,0.8380010829017861,0.2870133609148017,0.8310089785224654,3513.0,0.29766647694934545,0.45393098541444327,0.5003162555344719,0.5428408767435241
timeofday,dawn/dusk,3513,0.5428408767435241,learned_stochastic,0.7776804020516321,0.3295140842112183,0.7720151424815568,3513.0,0.33807626636311894,0.47420846673781575,0.5072738772928527,0.5428408767435241
timeofday,dawn/dusk,3513,0.5428408767435241,nonlinear_fusion,0.8398258902043891,0.27742094602466133,0.8379317595722909,3513.0,0.28912919749573135,0.45570971184631803,0.5015812776723593,0.5428408767435241
timeofday,dawn/dusk,3513,0.5428408767435241,stochastic_fixed,0.6660258960904164,0.3666715804057024,0.6902315060003749,3513.0,0.4063745019920319,0.5076485236570616,0.5253004427577482,0.5428408767435241
timeofday,daytime,27749,0.5577498288226602,confidence,0.779852637330728,0.33132884845621374,0.7792489416730499,27749.0,0.3504864864864865,0.4908108108108108,0.5271671671671672,0.5577498288226602
timeofday,daytime,27749,0.5577498288226602,deterministic_fixed,0.6776984830408709,0.46970777414317305,0.6262174429626365,27749.0,0.46825225225225225,0.5167567567567568,0.5338538538538539,0.5577498288226602
timeofday,daytime,27749,0.5577498288226602,equal_fixed_fusion,0.7284685699208069,0.3906444777159996,0.7038873145153186,27749.0,0.41254054054054057,0.5018918918918919,0.5301301301301301,0.5577498288226602
timeofday,daytime,27749,0.5577498288226602,learned_deterministic,0.6882421450156504,0.47408810209325336,0.6280581506359397,27749.0,0.47243243243243244,0.5097297297297297,0.5302502502502503,0.5577498288226602
timeofday,daytime,27749,0.5577498288226602,learned_fusion,0.8165563063827355,0.33315629159603244,0.7957274353524038,27749.0,0.33556756756756756,0.47927927927927927,0.5192792792792793,0.5577498288226602
timeofday,daytime,27749,0.5577498288226602,learned_fusion_plus_confidence,0.8528046127383839,0.30019336953657344,0.8358262763461348,27749.0,0.30508108108108106,0.4686036036036036,0.5165565565565565,0.5577498288226602
timeofday,daytime,27749,0.5577498288226602,learned_stochastic,0.7946284084477209,0.34260142652861875,0.7758649458307945,27749.0,0.35365765765765766,0.48477477477477476,0.522002002002002,0.5577498288226602
timeofday,daytime,27749,0.5577498288226602,nonlinear_fusion,0.8514527960976697,0.28983673830070955,0.8398270188366318,27749.0,0.3104144144144144,0.4716666666666667,0.5162362362362363,0.5577498288226602
timeofday,daytime,27749,0.5577498288226602,stochastic_fixed,0.699641908329057,0.37147249040115593,0.7036813611171694,27749.0,0.4193153153153153,0.518918918918919,0.5380580580580581,0.5577498288226602
timeofday,night,16436,0.5914456072036992,confidence,0.7894389484877636,0.38822415990600007,0.760869877933894,16436.0,0.40399123874422,0.530838847060613,0.563644967214223,0.5914456072036992
timeofday,night,16436,0.5914456072036992,deterministic_fixed,0.7068463854636353,0.5116459018411373,0.6165801283968668,16436.0,0.5155755658311024,0.5480264658909423,0.5656729534239168,0.5914456072036992
timeofday,night,16436,0.5914456072036992,equal_fixed_fusion,0.7114937587044334,0.4801695927333403,0.6373321017520619,16436.0,0.5012168410805549,0.5509164194995817,0.5691205299803961,0.5914456072036992
timeofday,night,16436,0.5914456072036992,learned_deterministic,0.7119764265278696,0.5151200847837494,0.6165370347972774,16436.0,0.5155755658311024,0.5457449235683322,0.5645913607787467,0.5914456072036992
timeofday,night,16436,0.5914456072036992,learned_fusion,0.7928619668456929,0.41098362147037043,0.7378316841822822,16436.0,0.42273059138476515,0.5273404821659442,0.5581018049077267,0.5914456072036992
timeofday,night,16436,0.5914456072036992,learned_fusion_plus_confidence,0.8459489642006399,0.3557115698148207,0.8073184973186758,16436.0,0.3666342175711852,0.5141835881055593,0.5537078347867235,0.5914456072036992
timeofday,night,16436,0.5914456072036992,learned_stochastic,0.7678216988046132,0.4213451798077391,0.716472700786799,16436.0,0.444146994402531,0.5345653661875428,0.5625633745690529,0.5914456072036992
timeofday,night,16436,0.5914456072036992,nonlinear_fusion,0.8211546458413603,0.3696964116421756,0.7755974870901119,16436.0,0.4021659771233877,0.5201916495550992,0.555059825593186,0.5914456072036992
timeofday,night,16436,0.5914456072036992,stochastic_fixed,0.6533107792913149,0.48559081327993653,0.602268189409315,16436.0,0.5294475541494281,0.5728952772073922,0.5814912458595282,0.5914456072036992
timeofday,undefined,107,0.6822429906542056,not_estimable,,,,,,,,
weather,clear,23971,0.5751115931750865,confidence,0.7860417666721893,0.35967378201143185,0.7706638168779651,23971.0,0.3779409310862673,0.5108723992282421,0.54510058403634,0.5751115931750865
weather,clear,23971,0.5751115931750865,deterministic_fixed,0.6913972122514478,0.4904307405883592,0.6209657567412559,23971.0,0.49299182379442685,0.5330343640819732,0.5510336516176879,0.5751115931750865
weather,clear,23971,0.5751115931750865,equal_fixed_fusion,0.7170173751169295,0.4349025178226699,0.6687118711497246,23971.0,0.4609544468546638,0.528289096313292,0.550709186984333,0.5751115931750865
weather,clear,23971,0.5751115931750865,learned_deterministic,0.7009185446775783,0.4943046622964221,0.622188461667479,23971.0,0.49441014516936427,0.5283933879126036,0.5472791322888663,0.5751115931750865
weather,clear,23971,0.5751115931750865,learned_fusion,0.804574259783633,0.3735219211600373,0.7674098523036861,23971.0,0.37810779242449527,0.5036241330760807,0.5392602206359507,0.5751115931750865
weather,clear,23971,0.5751115931750865,learned_fusion_plus_confidence,0.8503500058482412,0.3270039592794586,0.8227069987189697,23971.0,0.33731019522776573,0.4912655785576472,0.5353202929452119,0.5751115931750865
weather,clear,23971,0.5751115931750865,learned_stochastic,0.7801980468021728,0.38238109665812386,0.7467893370584133,23971.0,0.40063407308526616,0.5113417114251447,0.5426902753314174,0.5751115931750865
weather,clear,23971,0.5751115931750865,nonlinear_fusion,0.8352114629406597,0.32786857631138894,0.8077918154359068,23971.0,0.36125479726347404,0.4963758669239193,0.5361546305738388,0.5751115931750865
weather,clear,23971,0.5751115931750865,stochastic_fixed,0.669753246776269,0.4262765149831296,0.6491754101423106,23971.0,0.4848156182212581,0.5478437711842311,0.5622508575136739,0.5751115931750865
weather,foggy,76,0.5526315789473685,not_estimable,,,,,,,,
weather,overcast,6589,0.5443921687661254,confidence,0.761713380547938,0.324447821542087,0.771169513048359,6589.0,0.34142640364188165,0.4774279210925645,0.5140785702242455,0.5443921687661254
weather,overcast,6589,0.5443921687661254,deterministic_fixed,0.6639133899902492,0.45359178964831487,0.6264227806868647,6589.0,0.4597875569044006,0.500948406676783,0.5206541898499409,0.5443921687661254
weather,overcast,6589,0.5443921687661254,equal_fixed_fusion,0.7172230382324223,0.37474971455936507,0.7053527366849754,6589.0,0.39393019726858874,0.48994688922610014,0.5162704434328107,0.5443921687661254
weather,overcast,6589,0.5443921687661254,learned_deterministic,0.6759633420141348,0.4545297189738466,0.6298050161522278,6589.0,0.46009104704097115,0.4950682852807284,0.5157646265385264,0.5443921687661254
weather,overcast,6589,0.5443921687661254,learned_fusion,0.8019924390162854,0.32068626991316757,0.793606789786272,6589.0,0.3201820940819423,0.46832321699544766,0.5069971337042657,0.5443921687661254
weather,overcast,6589,0.5443921687661254,learned_fusion_plus_confidence,0.8410618830714902,0.2915664449439335,0.8306793705228017,6589.0,0.291350531107739,0.4537177541729894,0.5034564154442759,0.5443921687661254
weather,overcast,6589,0.5443921687661254,learned_stochastic,0.7812423173380973,0.33056176900030876,0.7746136903062674,6589.0,0.3386949924127466,0.47306525037936265,0.5093576125442589,0.5443921687661254
weather,overcast,6589,0.5443921687661254,nonlinear_fusion,0.8394877585593896,0.2757264960288627,0.8391842479514169,6589.0,0.29377845220030346,0.4571320182094082,0.5044680492328444,0.5443921687661254
weather,overcast,6589,0.5443921687661254,stochastic_fixed,0.6845551300338635,0.35797444971377246,0.7044504945778179,6589.0,0.3990895295902883,0.5064491654021245,0.5250379362670713,0.5443921687661254
weather,partly cloudy,3409,0.555294807861543,confidence,0.7789986715815084,0.32838699784488296,0.7788714706452184,3409.0,0.3460410557184751,0.48826979472140764,0.5262300423590747,0.555294807861543
weather,partly cloudy,3409,0.555294807861543,deterministic_fixed,0.667660102728855,0.47181526848189836,0.6179895518414601,3409.0,0.47096774193548385,0.5150293255131965,0.5327468230694037,0.555294807861543
weather,partly cloudy,3409,0.555294807861543,equal_fixed_fusion,0.7302905923913774,0.3833504059928319,0.7108350860760446,3409.0,0.40821114369501466,0.49780058651026393,0.5281850765721734,0.555294807861543
weather,partly cloudy,3409,0.555294807861543,learned_deterministic,0.6772477044735701,0.47914225061726184,0.6162315822632194,3409.0,0.48035190615835777,0.5124633431085044,0.5294884327142392,0.555294807861543
weather,partly cloudy,3409,0.555294807861543,learned_fusion,0.8119492986579149,0.3403870505841116,0.7874808173983584,3409.0,0.3366568914956012,0.4783724340175953,0.5174323884001303,0.555294807861543
weather,partly cloudy,3409,0.555294807861543,learned_fusion_plus_confidence,0.8452224035980197,0.2985607472657998,0.8316304200867799,3409.0,0.30146627565982403,0.46920821114369504,0.5161290322580645,0.555294807861543
weather,partly cloudy,3409,0.555294807861543,learned_stochastic,0.7981143626451059,0.34828061689909967,0.7724197745617446,3409.0,0.3501466275659824,0.4809384164222874,0.5174323884001303,0.555294807861543
weather,partly cloudy,3409,0.555294807861543,nonlinear_fusion,0.8548577430936346,0.28675588455320467,0.8410994122213906,3409.0,0.3073313782991202,0.46774193548387094,0.5131964809384164,0.555294807861543
weather,partly cloudy,3409,0.555294807861543,stochastic_fixed,0.7108774075615649,0.35684078466382096,0.7206215232623455,3409.0,0.4046920821114369,0.5120967741935484,0.5320951449983709,0.555294807861543
weather,rainy,3155,0.5816164817749604,confidence,0.8046399058665243,0.34145059921316795,0.7924593344893073,3155.0,0.3688212927756654,0.5182250396196514,0.5517605633802817,0.5816164817749604
weather,rainy,3155,0.5816164817749604,deterministic_fixed,0.6663300709022932,0.5328954320920972,0.580033853521592,3155.0,0.5253485424588086,0.5511093502377179,0.5598591549295775,0.5816164817749604
weather,rainy,3155,0.5816164817749604,equal_fixed_fusion,0.7018776378995992,0.4692280996388257,0.6394661877631904,3155.0,0.4873257287705957,0.5431854199683043,0.5595070422535211,0.5816164817749604
weather,rainy,3155,0.5816164817749604,learned_deterministic,0.6779990608518499,0.5392192764842854,0.5821294690776979,3155.0,0.5304182509505704,0.544770206022187,0.5580985915492958,0.5816164817749604
weather,rainy,3155,0.5816164817749604,learned_fusion,0.790581200066248,0.38420587083246416,0.7473230947072909,3155.0,0.40874524714828897,0.5182250396196514,0.546830985915493,0.5816164817749604
weather,rainy,3155,0.5816164817749604,learned_fusion_plus_confidence,0.8506833882238412,0.32019162791632155,0.829135909503757,3155.0,0.33840304182509506,0.5023771790808241,0.5433098591549296,0.5816164817749604
weather,rainy,3155,0.5816164817749604,learned_stochastic,0.7782364641652291,0.3772779681257492,0.7449607794566923,3155.0,0.4112801013941698,0.518621236133122,0.5517605633802817,0.5816164817749604
weather,rainy,3155,0.5816164817749604,nonlinear_fusion,0.8406762903516252,0.33401822732755565,0.8100627528692924,3155.0,0.35804816223067176,0.5047543581616482,0.5433098591549296,0.5816164817749604
weather,rainy,3155,0.5816164817749604,stochastic_fixed,0.6704816992091676,0.4399439342295291,0.6450714226736026,3155.0,0.4968314321926489,0.5566561014263075,0.5654929577464789,0.5816164817749604
weather,snowy,3849,0.5705378020265004,confidence,0.7901772702380794,0.3531883264142796,0.7738890596883515,3849.0,0.37454545454545457,0.5061688311688312,0.5393939393939394,0.5705378020265004
weather,snowy,3849,0.5705378020265004,deterministic_fixed,0.6998558085596859,0.4854082587438313,0.6285961551388048,3849.0,0.48103896103896104,0.5279220779220779,0.5422799422799423,0.5705378020265004
weather,snowy,3849,0.5705378020265004,equal_fixed_fusion,0.7317688026427291,0.4233545583822472,0.6803047282800935,3849.0,0.44727272727272727,0.5204545454545455,0.541991341991342,0.5705378020265004
weather,snowy,3849,0.5705378020265004,learned_deterministic,0.7085971323395652,0.4890516108073033,0.6315513990679859,3849.0,0.48363636363636364,0.5201298701298701,0.5396825396825397,0.5705378020265004
weather,snowy,3849,0.5705378020265004,learned_fusion,0.8206905073710914,0.3544781195306349,0.7835926730336299,3849.0,0.36987012987012985,0.49253246753246754,0.5327561327561328,0.5705378020265004
weather,snowy,3849,0.5705378020265004,learned_fusion_plus_confidence,0.8579979681835093,0.31933774033726214,0.8282379996848475,3849.0,0.3288311688311688,0.4837662337662338,0.529004329004329,0.5705378020265004
weather,snowy,3849,0.5705378020265004,learned_stochastic,0.7933563087986649,0.3650911383705358,0.7613879164338836,3849.0,0.38441558441558443,0.4974025974025974,0.5356421356421357,0.5705378020265004
weather,snowy,3849,0.5705378020265004,nonlinear_fusion,0.8371971457016708,0.3215429649490755,0.8122126023557102,3849.0,0.35324675324675325,0.4896103896103896,0.5318903318903319,0.5705378020265004
weather,snowy,3849,0.5705378020265004,stochastic_fixed,0.6826958980541263,0.41220599213781933,0.6669820947066493,3849.0,0.4612987012987013,0.5399350649350649,0.5520923520923521,0.5705378020265004
weather,undefined,6756,0.5682356423919479,confidence,0.7837518072780731,0.34563650621543246,0.7763023041849957,6756.0,0.3641207815275311,0.5019426456984274,0.5385627363920408,0.5682356423919479
weather,undefined,6756,0.5682356423919479,deterministic_fixed,0.6947493928079922,0.4795136847573948,0.6310361166181164,6756.0,0.4763173475429248,0.525254394079556,0.5426739023186976,0.5682356423919479
weather,undefined,6756,0.5682356423919479,equal_fixed_fusion,0.7327936399946919,0.40883830594183684,0.6978645896726156,6756.0,0.42835997631734757,0.5123034227567067,0.5410294359480349,0.5682356423919479
weather,undefined,6756,0.5682356423919479,learned_deterministic,0.7026937872561794,0.48325536877137143,0.6335178632805527,6756.0,0.4769094138543517,0.5198889916743756,0.5410294359480349,0.5682356423919479
weather,undefined,6756,0.5682356423919479,learned_fusion,0.8177754873386087,0.3471028420409357,0.7894574412349377,6756.0,0.35346358792184723,0.49121184088806663,0.5300115112645947,0.5682356423919479
weather,undefined,6756,0.5682356423919479,learned_fusion_plus_confidence,0.8523781061148354,0.31647469727100835,0.8291190417742308,6756.0,0.3268206039076377,0.4823311748381129,0.527215918434468,0.5682356423919479
weather,undefined,6756,0.5682356423919479,learned_stochastic,0.7911516000900753,0.3606928643752888,0.7649409114528615,6756.0,0.37329780935464774,0.49879740980573545,0.5344515704653839,0.5682356423919479
weather,undefined,6756,0.5682356423919479,nonlinear_fusion,0.8508776982972166,0.3056131152799978,0.8330460443191563,6756.0,0.3271166370633511,0.4856614246068455,0.5275448117086006,0.5682356423919479
weather,undefined,6756,0.5682356423919479,stochastic_fixed,0.6997850300488317,0.39139201603656565,0.689841318771324,6756.0,0.443457667258733,0.5306197964847363,0.5490873211642822,0.5682356423919479
